route_id,service_id,trip_id,trip_short_name,direction_id,shape_id,trip_headsign
42957,312761027102,257386,380,1,,Chicago
42991,112761737102,258415,1333,0,338,St. Paul
60,312761027102,244022,517,1,372,Portland
40751,106461517102,256536,2228,0,328,New York
40751,106461937102,256544,2265,1,324,Washington
84,106262517102,258400,537,0,61,Oakland
42991,212761026109,258413,1333,0,338,St. Paul
42991,112761106172,258414,1333,0,338,St. Paul
42951,312761027102,195509,301,1,256,St. Louis
94,106262517102,257405,601,0,25,Harrisburg
84,206261026142,258396,537,0,61,Oakland
84,106261466247,258398,537,0,61,Oakland
84,106262517102,258412,536,1,59,Sacramento
42991,112761737102,258421,1340,1,337,Chicago
60,112761207102,258424,516,0,375,Vancouver
84,206261026142,258408,536,1,59,Sacramento
84,106261466247,258410,536,1,59,Sacramento
42991,212761026109,258419,1340,1,337,Chicago
42991,112761106172,258420,1340,1,337,Chicago
60,212761026118,258422,516,0,375,Vancouver
41080,306261027102,253870,4141,1,,Richmond
60,112761207102,258430,519,1,297,Seattle
94,206561026109,252928,664,1,21,New York
94,106561156151,252929,664,1,21,New York
94,103261456145,252930,664,1,21,New York
94,100261846184,252932,664,1,21,New York
94,103262506250,252933,664,1,21,New York
87,112761197102,247902,22,1,274,Chicago
95,312761027102,256591,69,0,4,Montreal
88,100361917102,250319,65,1,84,Newport News
88,100361076108,250315,65,1,84,Newport News
88,100361146185,250316,65,1,84,Newport News
88,106461446144,250317,65,1,84,Newport News
88,100461836183,250318,65,1,84,Newport News
88,106462496249,250320,65,1,84,Newport News
87,212761026110,247900,22,1,274,Chicago
87,112761116118,247901,22,1,,Fort Worth
87,112761116118,247907,1022,1,,Chicago
94,106561577102,252946,667,0,23,Harrisburg
94,106561577102,252952,669,0,23,Harrisburg
43,312761027102,247911,8721,0,,Fort Cavazos
94,106561577102,252958,670,1,21,New York
36949,312761027102,241878,291,0,371,Burlington
94,206561026151,252944,667,0,23,Harrisburg
94,103261456145,252945,667,0,23,Harrisburg
94,100261846184,252947,667,0,23,Harrisburg
94,103262506250,252948,667,0,23,Harrisburg
94,206561026151,252950,669,0,23,Harrisburg
41080,306261027102,253990,4085,1,,Richmond
94,106262517102,256575,605,0,25,Harrisburg
94,100161577102,252911,662,1,21,New York
94,106262517102,256585,646,1,21,New York
94,206261026142,256569,605,0,25,Harrisburg
94,106261466183,256571,605,0,25,Harrisburg
94,206561026151,252883,661,0,23,Harrisburg
87,112761187102,247862,21,0,272,San Antonio
94,103261456145,252884,661,0,23,Harrisburg
94,100261846184,252886,661,0,23,Harrisburg
94,103262506250,252887,661,0,23,Harrisburg
87,212761026109,247860,21,0,272,San Antonio
87,112761106117,247861,21,0,,Marshall
94,106261876247,256573,605,0,25,Harrisburg
94,206261026142,256578,646,1,21,New York
36924,312761027102,247821,14,0,313,Seattle
94,103061466149,256580,646,1,21,New York
94,106261526183,256581,646,1,21,New York
94,106261876247,256583,646,1,21,New York
94,200161026108,252908,662,1,21,New York
94,100161156150,252909,662,1,21,New York
94,106461446144,252910,662,1,21,New York
94,100261846184,252912,662,1,21,New York
94,106462496249,252913,662,1,21,New York
94,106561577102,252917,665,0,23,Harrisburg
90,206261026106,250294,55,1,190,Washington
90,100261076107,250295,55,1,190,Washington
90,106261106142,250296,55,1,190,Washington
90,106261466183,250298,55,1,190,Washington
94,106561577102,252923,663,0,23,Harrisburg
94,106561577102,252931,664,1,21,New York
90,106261876247,250300,55,1,190,Washington
87,112761116118,247867,1021,0,,San Antonio
36924,312761027102,247828,11,1,314,Los Angeles
90,106262517102,250302,55,1,190,Washington
94,206561026151,252915,665,0,23,Harrisburg
94,103261456145,252916,665,0,23,Harrisburg
94,100261846184,252918,665,0,23,Harrisburg
94,103262506250,252919,665,0,23,Harrisburg
94,206561026151,252921,663,0,23,Harrisburg
94,103261456145,252922,663,0,23,Harrisburg
94,100261846184,252924,663,0,23,Harrisburg
94,103262506250,252925,663,0,23,Harrisburg
81,112761187102,253897,449,0,125,Chicago
94,106262517102,257415,644,1,21,New York
81,212761026114,253895,449,0,125,Chicago
94,206261026142,257408,644,1,21,New York
94,106561577102,252846,660,1,21,New York
40751,106461096137,256533,2228,0,328,New York
94,306561027102,252850,637,0,24,Philadelphia
94,103061466149,257410,644,1,21,New York
94,106261526183,257411,644,1,21,New York
40751,103261456145,256535,2228,0,328,New York
81,109761156117,253896,449,0,,Chicago
40751,106461096109,256539,2265,1,324,Washington
40751,106461166137,256540,2265,1,324,Washington
40751,103261456145,256542,2265,1,324,Washington
40751,106461516186,256543,2265,1,324,Washington
94,106261876247,257413,644,1,21,New York
36926,312761027102,215611,318,0,377,Chicago
36948,312761027102,215614,311,0,255,Kansas City
94,206561026151,252844,660,1,21,New York
94,103261456145,252845,660,1,21,New York
94,100261846184,252847,660,1,21,New York
42954,100161436143,258454,6701,0,,
94,103262506250,252848,660,1,21,New York
94,103261456145,252851,637,0,24,Philadelphia
94,100261846184,252852,637,0,24,Philadelphia
94,103262506250,252853,637,0,24,Philadelphia
42954,100161436143,258456,6711,0,,
42954,100161436143,258458,6762,0,,Merced
42954,100161436143,258460,6712,0,,
42954,100161436143,258462,6714,0,,Merced
42954,100161436143,258464,6764,0,,Merced
42954,100161436143,258466,6717,0,,Merced
94,106561577102,252885,661,0,23,Harrisburg
36921,312761027102,230717,284,1,280,New York
60,212761026118,258428,519,1,297,Seattle
42954,306261027102,245714,6259,1,,Providence
42954,300161027102,245715,6259,1,,Providence
42954,306461027102,245717,6259,1,,Providence
94,206261026142,257399,601,0,25,Harrisburg
94,100161577102,252831,611,0,25,Harrisburg
42954,312761027102,247762,3514,1,,Salinas
42954,306561027102,244031,6156,1,,Virginia Beach
42954,312761027102,247767,3614,0,,Carmel
42954,312761027102,247772,3511,1,,Salinas
42954,312761027102,247777,3611,0,,Carmel
94,200161026150,252829,611,0,25,Harrisburg
94,106461446144,252830,611,0,25,Harrisburg
94,100261846184,252832,611,0,25,Harrisburg
94,106462496249,252833,611,0,25,Harrisburg
81,112761167102,253894,448,1,126,Boston
94,106261466183,257401,601,0,25,Harrisburg
94,106261876247,257403,601,0,25,Harrisburg
81,212761026112,253892,448,1,126,Boston
81,100761136115,253893,448,1,,Rensselaer
94,103261456145,252951,669,0,23,Harrisburg
40751,106261467102,256596,2123,1,326,Washington
94,100261846184,252953,669,0,23,Harrisburg
94,103262506250,252954,669,0,23,Harrisburg
40751,106261176142,256594,2123,1,326,Washington
94,206561026151,252956,670,1,21,New York
40751,106262437102,258598,2102,0,328,New York
42954,306561027102,245799,6099,1,,Virginia Beach
94,103261456145,252957,670,1,21,New York
94,100261846184,252959,670,1,21,New York
94,103262506250,252960,670,1,21,New York
40751,106262437102,258604,2150,0,327,Boston
94,106561577102,252965,672,1,21,New York
94,106561577102,252971,671,0,23,Harrisburg
42954,312761027102,228270,5717,0,,Bakersfield
51,112762817102,258549,4,1,118,Chicago
40751,106261176121,258594,2102,0,328,New York
40751,106261246142,258595,2102,0,328,New York
40751,106261466240,258597,2102,0,328,New York
40751,206261026114,258599,2150,0,327,Boston
40751,106261176121,258600,2150,0,327,Boston
40751,106261246142,258601,2150,0,327,Boston
40751,106261466240,258603,2150,0,327,Boston
94,306461027102,252978,674,1,21,New York
94,100161577102,252980,674,1,21,New York
51,212761026148,258547,4,1,118,Chicago
51,112761496280,258548,4,1,118,Chicago
94,206561026151,252963,672,1,21,New York
94,103261456145,252964,672,1,21,New York
94,100261846184,252966,672,1,21,New York
94,103262506250,252967,672,1,21,New York
94,206561026151,252969,671,0,23,Harrisburg
94,103261456145,252970,671,0,23,Harrisburg
88,106262517102,258632,172,0,264,Boston
88,106262517102,258651,130,0,237,New York
94,100261846184,252972,671,0,23,Harrisburg
94,103262506250,252973,671,0,23,Harrisburg
94,200161026150,252976,674,1,21,New York
94,103261456145,252979,674,1,21,New York
94,100261846184,252981,674,1,21,New York
94,103262506250,252982,674,1,21,New York
88,106561927102,250373,87,1,342,Norfolk
41044,106263067102,252991,471,1,,New Haven
51,112762817102,258582,3,0,270,Los Angeles
88,206261026121,258667,112,0,237,New York
88,106261246142,258668,112,0,237,New York
88,106261466183,258670,112,0,237,New York
88,106261876240,258672,112,0,237,New York
88,106262436247,258673,112,0,237,New York
88,106262517102,258684,86,0,90,Boston
88,206261026121,258676,86,0,90,Boston
88,106261246142,258677,86,0,90,Boston
88,106261466183,258679,86,0,90,Boston
88,106261876240,258681,86,0,90,Boston
88,106262436247,258682,86,0,90,Boston
40751,106262437102,258701,2162,0,327,Boston
40751,206261026114,258696,2162,0,327,Boston
40751,106261176121,258697,2162,0,327,Boston
40751,106261246142,258698,2162,0,327,Boston
40751,106261466240,258700,2162,0,327,Boston
77,312761027102,241920,52,0,6,Lorton
88,106262517102,258719,174,0,264,Boston
88,106262517102,258728,84,0,237,New York
94,206561026151,256634,666,1,21,New York
94,103261456145,256635,666,1,21,New York
94,100261846184,256637,666,1,21,New York
94,103262506250,256638,666,1,21,New York
42985,306461027102,185787,9484,0,,Baltimore
88,206261026121,258711,174,0,264,Boston
88,106261246142,258712,174,0,264,Boston
88,106261466183,258714,174,0,264,Boston
88,106261876240,258716,174,0,264,Boston
88,106262436247,258717,174,0,264,Boston
88,206261026121,258720,84,0,237,New York
88,106261246142,258721,84,0,237,New York
88,106261466183,258723,84,0,237,New York
88,106261876240,258725,84,0,237,New York
88,106262436247,258726,84,0,237,New York
36921,312761027102,240767,232,1,245,New York
77,312761027102,241925,53,1,5,Sanford
88,106262517102,258737,134,0,237,New York
36921,312761027102,245838,245,0,248,Rensselaer
61,106262867102,257543,681,0,152,Brunswick
88,106262517102,257553,197,1,267,Washington
94,106262517102,253026,600,1,21,New York
94,106561577102,256636,666,1,21,New York
88,206261026121,258729,134,0,237,New York
88,106261246142,258730,134,0,237,New York
88,106261466183,258732,134,0,237,New York
61,206261026135,257541,681,0,152,Brunswick
61,106261386285,257542,681,0,152,Brunswick
88,206261026106,257545,197,1,267,Washington
88,100261076107,257546,197,1,267,Washington
88,106261106142,257547,197,1,267,Washington
88,106261466183,257549,197,1,267,Washington
88,106261876247,257551,197,1,267,Washington
88,106261876240,258734,134,0,237,New York
88,106262436247,258735,134,0,237,New York
42985,306461027102,185795,9488,0,,Baltimore
88,106262517102,258751,184,0,264,Boston
40751,106262437102,258764,2110,0,328,New York
94,206261026142,253019,600,1,21,New York
94,103061466149,253021,600,1,21,New York
94,106261526183,253022,600,1,21,New York
94,106261876247,253024,600,1,21,New York
88,206261026121,258743,184,0,264,Boston
88,106261246142,258744,184,0,264,Boston
88,106261466183,258746,184,0,264,Boston
88,106261876240,258748,184,0,264,Boston
88,106262436247,258749,184,0,264,Boston
40751,106261176121,258760,2110,0,328,New York
40751,106261246142,258761,2110,0,328,New York
42985,306461027102,185804,9493,1,,Washington
40751,106261466240,258763,2110,0,328,New York
42985,306461027102,211069,9478,0,,Baltimore
42985,306461027102,211073,9485,1,,Washington
42985,306461027102,211074,9486,0,,Baltimore
42985,306461027102,211078,9692,0,,Martin Airport
94,106262517102,253046,609,0,23,Harrisburg
94,106462567102,253061,612,1,22,Philadelphia
94,106462567102,253069,615,0,25,Harrisburg
36921,312761027102,187864,281,0,279,Niagara Falls
88,106262517102,258773,94,0,341,Boston
88,106262517102,258790,148,0,258,Springfield
61,206261026135,257560,685,0,152,Brunswick
61,106261386285,257561,685,0,152,Brunswick
61,206261026135,257563,683,0,152,Brunswick
61,106261386285,257564,683,0,152,Brunswick
42985,306261027102,185930,9654,0,,Perryville
40751,106262437102,258811,2122,0,328,New York
88,106262517102,258820,176,0,264,Boston
42985,306461027102,185933,9677,1,,Washington
42985,306461027102,185935,9681,1,,Washington
42985,306461027102,185936,9683,1,,Washington
88,106461446144,256666,126,0,237,New York
88,100261846184,256667,126,0,237,New York
88,106462496249,256668,126,0,237,New York
94,106262517102,253094,626,1,21,New York
40751,206261026114,258806,2122,0,328,New York
94,100261917102,253119,624,1,21,New York
40751,106261176121,258807,2122,0,328,New York
94,106062517102,253144,622,1,22,Philadelphia
40751,106261246142,258808,2122,0,328,New York
40751,100161927102,256675,2203,1,326,Washington
40751,106261466240,258810,2122,0,328,New York
88,206261026121,258812,176,0,264,Boston
88,106261246142,258813,176,0,264,Boston
61,206261026135,257634,687,0,152,Brunswick
61,106261386285,257635,687,0,152,Brunswick
88,106261466183,258815,176,0,264,Boston
42948,306261027102,185952,9700,1,,Old Saybrook
42948,306261027102,185953,9704,1,,Old Saybrook
42948,306261027102,185954,9706,1,,Old Saybrook
42948,306261027102,185955,9755,0,,New Haven
40751,100161086108,256672,2203,1,326,Washington
40751,100161156185,256673,2203,1,326,Washington
40751,106461446144,256674,2203,1,326,Washington
88,106261876240,258817,176,0,264,Boston
88,106262436247,258818,176,0,264,Boston
42948,306261027102,185956,9757,0,,New Haven
42948,306261027102,185957,9759,0,,New Haven
42948,306561027102,185958,9790,1,,Old Saybrook
61,106562907102,257643,691,0,152,Brunswick
78,112761387102,258846,761,0,149,Goleta
40751,106262437102,258852,2126,0,328,New York
33820,308461027102,189439,8601,1,,Maricopa
61,206561026130,257640,691,0,152,Brunswick
61,106561366137,257641,691,0,152,Brunswick
94,206261026142,253088,626,1,21,New York
94,106261466183,253090,626,1,21,New York
88,206261026121,258624,172,0,264,Boston
88,106261246142,258625,172,0,264,Boston
88,106261466183,258627,172,0,264,Boston
88,106261876240,258629,172,0,264,Boston
88,106262436247,258630,172,0,264,Boston
42954,306561027102,245803,6124,0,,Newport News
42954,306561027102,245810,6155,1,,Newport News
42954,306561027102,245821,6087,0,,Newport News
42954,306261027102,245824,6067,1,,Virginia Beach
42954,306561027102,245825,6158,0,,Norfolk
51,212761026148,258579,3,0,270,Los Angeles
51,112761506280,258581,3,0,270,Los Angeles
88,206261026121,258643,130,0,237,New York
88,106261246142,258644,130,0,237,New York
51,100261496149,258585,1003,0,270,Los Angeles
88,106561086109,250369,87,1,342,Norfolk
88,106561156186,250370,87,1,342,Norfolk
88,103261456145,250371,87,1,342,Norfolk
41044,206261026110,252983,471,1,,New Haven
41044,106261116142,252984,471,1,359,New Haven
88,100261846184,250372,87,1,342,Norfolk
41044,106261466183,252986,471,1,359,New Haven
88,103262506250,250374,87,1,342,Norfolk
88,106261466183,258646,130,0,237,New York
41044,106261876247,252988,471,1,359,New Haven
41044,106262516303,252990,471,1,359,New Haven
88,106261876240,258648,130,0,237,New York
88,106262436247,258649,130,0,237,New York
40751,206261026114,258652,2104,0,328,New York
40751,106261176121,258653,2104,0,328,New York
40751,106261246142,258654,2104,0,328,New York
40751,106261466240,258656,2104,0,328,New York
90,206261026121,258658,56,0,191,St Albans
40751,106262437102,258657,2104,0,328,New York
88,106262517102,250394,85,1,260,Washington
90,106262517102,258666,56,0,191,St Albans
88,106262517102,258675,112,0,237,New York
90,106261246142,258659,56,0,191,St Albans
88,206261026106,250386,85,1,260,Washington
88,100261076107,250387,85,1,260,Washington
88,106261106142,250388,85,1,260,Washington
88,106261466183,250390,85,1,260,Washington
88,106261876247,250392,85,1,260,Washington
90,106261466183,258661,56,0,191,St Albans
90,106261876240,258663,56,0,191,St Albans
90,106262436247,258664,56,0,191,St Albans
60,312761027102,257559,518,0,291,Vancouver
61,106262867102,257562,685,0,152,Brunswick
61,106262867102,257565,683,0,152,Brunswick
88,206261026121,258765,94,0,341,Boston
88,106261246142,258766,94,0,341,Boston
42985,306261027102,185852,9534,0,,Perryville
88,106261466183,258768,94,0,341,Boston
88,106261876240,258770,94,0,341,Boston
88,106262436247,258771,94,0,341,Boston
88,206261026121,258782,148,0,258,Springfield
88,106261246142,258783,148,0,258,Springfield
88,106261466183,258785,148,0,258,Springfield
88,106261876240,258787,148,0,258,Springfield
88,106262436247,258788,148,0,258,Springfield
94,206261026142,253039,609,0,23,Harrisburg
94,103061466149,253041,609,0,23,Harrisburg
94,106261526183,253042,609,0,23,Harrisburg
94,106261876247,253044,609,0,23,Harrisburg
61,106262867102,257636,687,0,152,Brunswick
42985,306461027102,211081,9694,0,,Martin Airport
94,206461026137,253055,612,1,22,Philadelphia
94,103261456145,253057,612,1,22,Philadelphia
94,106461516242,253058,612,1,22,Philadelphia
94,103262506250,253060,612,1,22,Philadelphia
36921,312761027102,214747,283,0,279,Niagara Falls
94,206461026137,253063,615,0,25,Harrisburg
94,109661456151,253065,615,0,25,Harrisburg
94,106461586242,253066,615,0,25,Harrisburg
94,103262506250,253068,615,0,25,Harrisburg
42948,306261027102,185910,9633,0,,Stamford
42985,306261027102,185917,9638,1,,Old Saybrook
88,100161087102,256665,126,0,237,New York
94,106261876247,253092,626,1,21,New York
61,106561436284,257642,691,0,152,Brunswick
94,200261026177,253116,624,1,21,New York
36949,312761027102,242038,290,1,370,New York
94,100461836183,253117,624,1,21,New York
94,206261026142,256697,641,0,23,Harrisburg
61,106562907102,257650,695,0,152,Brunswick
94,103061466149,256699,641,0,23,Harrisburg
94,106261526183,256700,641,0,23,Harrisburg
61,106562907102,257654,693,0,152,Brunswick
94,106261876247,256702,641,0,23,Harrisburg
94,206061026141,253136,622,1,22,Philadelphia
33820,303761027102,189445,8602,1,,Maricopa
33820,308461027102,189454,8901,0,,Phoenix
33820,303761027102,189457,8902,0,,Phoenix
94,106061466182,253140,622,1,22,Philadelphia
42954,112761197102,244256,6121,1,,Shreveport
61,206561026130,257647,695,0,152,Brunswick
94,106061876246,253142,622,1,22,Philadelphia
78,212661026107,258842,761,0,149,Goleta
78,100161086108,258843,761,0,149,Goleta
78,112761096135,258844,761,0,149,Goleta
78,106561366137,258845,761,0,,Goleta
94,106262517102,256704,641,0,23,Harrisburg
40751,206261026114,258847,2126,0,328,New York
40751,106261176121,258848,2126,0,328,New York
40751,106261246142,258849,2126,0,328,New York
61,106561366137,257648,695,0,152,Brunswick
61,106561436284,257649,695,0,152,Brunswick
61,206561026130,257651,693,0,152,Brunswick
61,106561366137,257652,693,0,152,Brunswick
61,106561436284,257653,693,0,152,Brunswick
40751,106261466240,258851,2126,0,328,New York
94,106262517102,256724,650,1,21,New York
42954,212761026110,244254,6121,1,,Shreveport
42954,112761116118,244255,6121,1,,Shreveport
94,106262517102,256734,643,0,23,Harrisburg
42954,112761197102,244265,6122,0,,Longview
88,106262517102,258861,138,0,349,New York
58,102162447102,258867,50,1,187,New York
78,112761387102,258875,782,1,151,San Diego
88,106262517102,258884,192,0,237,New York
88,106262517102,258893,196,0,237,New York
88,206261026121,258853,138,0,349,New York
88,106261246142,258854,138,0,349,New York
94,206261026142,256716,650,1,21,New York
88,106261466183,258856,138,0,349,New York
94,103061466149,256718,650,1,21,New York
31849,312761027102,250451,7097,1,,Canadian Border
31849,312761027102,250455,7098,0,,Toronto
94,106261526183,256719,650,1,21,New York
88,106261876240,258858,138,0,349,New York
88,106262436247,258859,138,0,349,New York
58,202161026108,258862,50,1,187,New York
58,102161156122,258864,50,1,187,New York
94,106261876226,256721,650,1,21,New York
94,106262296247,256722,650,1,21,New York
58,102161276241,258866,50,1,187,New York
78,212661026107,258871,782,1,151,San Diego
94,206261026142,256727,643,0,23,Harrisburg
78,100161086108,258872,782,1,151,San Diego
78,112761096135,258873,782,1,151,San Diego
94,103061466149,256729,643,0,23,Harrisburg
94,106261526183,256730,643,0,23,Harrisburg
78,106561366137,258874,782,1,,Los Angeles
88,206261026121,258876,192,0,237,New York
88,106261246142,258877,192,0,237,New York
88,106261466183,258879,192,0,237,New York
88,106261876240,258881,192,0,237,New York
88,106262436247,258882,192,0,237,New York
88,206261026121,258885,196,0,237,New York
88,106261246142,258886,196,0,237,New York
61,106562907102,257664,697,0,152,Brunswick
88,106261466183,258888,196,0,237,New York
88,106261876240,258890,196,0,237,New York
94,106261876247,256732,643,0,23,Harrisburg
88,106262436247,258891,196,0,237,New York
42954,212761026110,244263,6122,0,,Longview
42954,112761116118,244264,6122,0,,Marshall
88,112762417102,258899,66,0,343,Boston
61,206561026130,257661,697,0,152,Brunswick
88,106262517102,258908,186,0,393,Philadelphia
61,106561366137,257662,697,0,152,Brunswick
61,106561436284,257663,697,0,152,Brunswick
88,106262517102,258923,198,1,237,New York
88,212761026123,258896,66,0,343,Boston
88,112761246137,258897,66,0,343,Boston
88,112761386240,258898,66,0,343,Boston
88,206261026121,258900,186,0,393,Philadelphia
88,106261246142,258901,186,0,393,Philadelphia
88,106261466183,258903,186,0,393,Philadelphia
42954,106261467102,233011,6627,0,,San Francisco
88,106261876240,258905,186,0,393,Philadelphia
88,106262436247,258906,186,0,393,Philadelphia
88,206261026121,258915,198,1,237,New York
88,106261246142,258916,198,1,237,New York
88,106261466183,258918,198,1,237,New York
88,106261876240,258920,198,1,237,New York
88,106262436247,258921,198,1,237,New York
42954,206261026142,233009,6627,0,,San Francisco
88,206261026121,258924,178,0,343,Boston
88,106261246142,258925,178,0,343,Boston
88,103061466149,258927,178,0,343,Boston
88,106261526183,258928,178,0,343,Boston
88,106261876240,258930,178,0,343,Boston
88,106262436247,258931,178,0,343,Boston
88,100161086108,256758,127,1,267,Washington
88,100161156185,256759,127,1,267,Washington
88,106461446144,256760,127,1,267,Washington
88,100261846184,256761,127,1,267,Washington
88,106462496249,256763,127,1,267,Washington
42954,112761197102,244296,6421,0,,Longview
88,100161927102,256762,127,1,267,Washington
88,106262517102,258933,178,0,343,Boston
61,106262867102,257709,684,1,153,Boston
61,106262867102,257714,682,1,153,Boston
61,106261187102,257717,680,1,153,Boston
88,300161027102,256767,167,1,355,Philadelphia
42954,212761026110,244294,6421,0,,Longview
42954,112761116118,244295,6421,0,,Marshall
61,206261026113,257705,684,1,153,Boston
88,106461446144,256768,167,1,355,Philadelphia
88,100261846184,256769,167,1,355,Philadelphia
88,106462496249,256770,167,1,355,Philadelphia
61,103461146117,257706,684,1,153,Boston
61,106261186135,257707,684,1,153,Boston
61,106261386285,257708,684,1,153,Boston
61,206261026113,257710,682,1,153,Boston
61,103461146117,257711,682,1,153,Boston
61,106261186135,257712,682,1,153,Boston
61,106261386285,257713,682,1,153,Boston
61,206261026113,257715,680,1,153,Boston
61,103461146117,257716,680,1,153,Boston
61,106262867102,257728,688,1,153,Boston
61,106262867102,257736,686,1,153,Boston
90,106562487102,258948,54,0,191,St Albans
42954,112761197102,244305,6422,1,,Shreveport
61,206261026113,257724,688,1,153,Boston
61,103461146117,257725,688,1,153,Boston
61,106261186135,257726,688,1,153,Boston
61,106261386285,257727,688,1,153,Boston
61,206261026113,257732,686,1,153,Boston
61,103461146117,257733,686,1,153,Boston
61,106261186135,257734,686,1,153,Boston
81,312761027102,241547,49,0,128,Chicago
90,106561086123,258944,54,0,191,St Albans
90,106561296242,258945,54,0,191,St Albans
90,103261456145,258946,54,0,191,St Albans
90,100261846184,258947,54,0,191,St Albans
90,103262506250,258949,54,0,191,St Albans
61,106261386285,257735,686,1,153,Boston
42954,212761026110,244303,6422,1,,Shreveport
61,206561026109,257743,692,1,153,Boston
42954,112761116118,244304,6422,1,,Shreveport
88,106462567102,258966,120,0,237,New York
81,312761027102,241552,48,1,127,New York
94,106262517102,253330,642,1,21,New York
94,106262517102,253338,639,0,24,Philadelphia
61,106561156116,257744,692,1,153,Boston
61,106561226137,257745,692,1,153,Boston
61,106561436284,257746,692,1,153,Boston
61,206561026109,257748,690,1,153,Boston
61,106561156116,257749,690,1,153,Boston
61,206561026109,257751,694,1,153,Boston
94,106262517102,253370,640,1,21,New York
61,106561156116,257752,694,1,153,Boston
61,106561226137,257753,694,1,153,Boston
61,106561436284,257754,694,1,153,Boston
61,106562907102,257747,692,1,153,Boston
88,106461096116,258958,120,0,237,New York
61,106561227102,257750,690,1,153,Boston
88,106461306137,258960,120,0,237,New York
61,106562907102,257755,694,1,153,Boston
88,103261456145,258962,120,0,237,New York
88,106461516242,258963,120,0,237,New York
88,103262506250,258965,120,0,237,New York
88,100162487102,258972,152,0,264,Boston
96,312761027102,256795,5,0,173,Emeryville
88,100161086122,258968,152,0,264,Boston
88,100161296241,258969,152,0,264,Boston
88,106461446144,258970,152,0,264,Boston
88,100261846184,258971,152,0,264,Boston
88,106462496249,258973,152,0,264,Boston
88,106562487102,258999,164,0,90,Boston
61,106562907102,257776,696,1,153,Boston
61,106562907102,257784,698,1,153,Boston
61,206561026109,257772,696,1,153,Boston
61,106561156116,257773,696,1,153,Boston
61,106561226137,257774,696,1,153,Boston
61,106561436284,257775,696,1,153,Boston
61,206561026109,257780,698,1,153,Boston
61,106561156116,257781,698,1,153,Boston
61,106561226137,257782,698,1,153,Boston
61,106561436284,257783,698,1,153,Boston
88,106561086116,258994,164,0,90,Boston
88,106561226123,258995,164,0,90,Boston
88,106561296242,258996,164,0,90,Boston
88,103261456145,258997,164,0,90,Boston
88,100261846184,258998,164,0,90,Boston
88,103262506250,259000,164,0,90,Boston
94,206261026142,253322,642,1,21,New York
94,103061466149,253324,642,1,21,New York
94,106261526183,253325,642,1,21,New York
94,106261876226,253327,642,1,21,New York
94,106262296247,253328,642,1,21,New York
94,206261026142,253332,639,0,24,Philadelphia
94,106261466183,253334,639,0,24,Philadelphia
94,106261876247,253336,639,0,24,Philadelphia
68,312761027102,257788,63,0,350,Toronto
23565,312761027102,189773,7103,0,,Los Alamos
23565,312761027102,189776,7104,1,,Lamy
23565,312761027102,189779,7203,1,,Lamy
23565,312761027102,189782,7204,0,,Los Alamos
88,106562487102,259018,118,0,237,New York
96,312761027102,256807,6,1,174,Chicago
88,106561086109,259011,118,0,237,New York
88,106561156116,259012,118,0,237,New York
88,106461236123,259014,118,0,237,New York
88,106561296242,259015,118,0,237,New York
88,103261456145,259016,118,0,237,New York
88,100261846184,259017,118,0,237,New York
88,103262506250,259019,118,0,237,New York
94,206261026142,253363,640,1,21,New York
94,103061466149,253365,640,1,21,New York
94,106261526183,253366,640,1,21,New York
94,106261876247,253368,640,1,21,New York
36921,312761027102,257797,234,1,245,New York
88,106262517102,250613,93,1,342,Norfolk
88,106562487102,259058,88,0,264,Boston
88,206261026106,250605,93,1,342,Norfolk
84,306561027102,257843,734,1,64,Sacramento
94,106261876226,253434,648,1,21,New York
94,106262296247,253435,648,1,21,New York
88,106461096109,259115,96,0,264,Boston
94,206261026142,253440,647,0,23,Harrisburg
94,103061466149,253442,647,0,23,Harrisburg
94,106261526183,253443,647,0,23,Harrisburg
94,106261876247,253445,647,0,23,Harrisburg
94,206261026142,253449,645,0,23,Harrisburg
94,103061466149,253451,645,0,23,Harrisburg
94,106261526183,253452,645,0,23,Harrisburg
88,106461166123,259116,96,0,264,Boston
88,106461306137,259117,96,0,264,Boston
88,103261456145,259119,96,0,264,Boston
88,106461516242,259120,96,0,264,Boston
88,103262506250,259122,96,0,264,Boston
84,103261456145,257844,734,1,64,Sacramento
84,103262506250,257845,734,1,64,Sacramento
94,106261876247,253454,645,0,23,Harrisburg
42954,312761027102,222141,5713,0,,Bakersfield
88,100162487102,259130,106,0,237,New York
88,106562487102,259141,156,0,339,New York
88,106561927102,250693,103,1,267,Washington
40751,106261877102,257878,2167,1,324,Washington
54,306261027102,205030,329,0,19,Milwaukee
88,100161086115,259125,106,0,237,New York
88,100161226122,259126,106,0,237,New York
88,100161296241,259127,106,0,237,New York
88,106461446144,259128,106,0,237,New York
88,100261846184,259129,106,0,237,New York
88,106462496249,259131,106,0,237,New York
88,106561086109,259135,156,0,339,New York
88,106561156116,259136,156,0,339,New York
88,106561226123,259137,156,0,339,New York
88,106561296242,259138,156,0,339,New York
88,103261456145,259139,156,0,339,New York
88,100261846184,259140,156,0,339,New York
88,103262506250,259142,156,0,339,New York
88,106561086109,250689,103,1,267,Washington
88,106561156186,250690,103,1,267,Washington
88,103261456145,250691,103,1,267,Washington
88,100261846184,250692,103,1,267,Washington
88,103262506250,250694,103,1,267,Washington
40751,206261026106,257872,2167,1,324,Washington
40751,100261076107,257873,2167,1,324,Washington
40751,106261106114,257874,2167,1,324,Washington
42954,312761027102,222143,5715,0,,Bakersfield
40751,106261176142,257875,2167,1,324,Washington
42954,312761027102,222145,5815,0,,Bakersfield
42954,312761027102,222147,5813,0,,Bakersfield
40751,106261466184,257877,2167,1,324,Washington
94,106262517102,253475,651,0,23,Harrisburg
94,106262517102,253484,655,0,23,Harrisburg
94,106262517102,253494,656,1,21,New York
94,106262517102,253505,649,0,23,Harrisburg
94,106262517102,253526,653,0,23,Harrisburg
94,106262517102,253535,652,1,21,New York
94,106262517102,253544,657,0,23,Harrisburg
94,106262517102,253553,654,1,21,New York
94,106262517102,253562,658,1,21,New York
88,106462567102,259170,132,0,264,Boston
42954,312761027102,222163,5817,0,,Bakersfield
88,106461096123,259163,132,0,264,Boston
88,106461306137,259164,132,0,264,Boston
88,103261456145,259166,132,0,264,Boston
88,106461516242,259167,132,0,264,Boston
88,103262506250,259169,132,0,264,Boston
42954,312761027102,254485,6097,1,,Fort Myers
42954,312761027102,254487,6098,0,,Orlando
42954,312761027102,254489,6092,0,,Tampa
42954,312761027102,254491,6091,1,,Fort Myers
94,206261026142,253468,651,0,23,Harrisburg
94,103061466149,253470,651,0,23,Harrisburg
94,106261526183,253471,651,0,23,Harrisburg
88,100162487102,259182,168,0,264,Boston
88,106462567102,259193,122,0,237,New York
94,106261876247,253473,651,0,23,Harrisburg
94,206261026142,253477,655,0,23,Harrisburg
94,103061466149,253479,655,0,23,Harrisburg
94,106261526183,253480,655,0,23,Harrisburg
94,106261876247,253482,655,0,23,Harrisburg
88,100161086122,259178,168,0,264,Boston
88,100161296241,259179,168,0,264,Boston
88,106461446144,259180,168,0,264,Boston
88,100261846184,259181,168,0,264,Boston
88,106462496249,259183,168,0,264,Boston
88,206461026123,259186,122,0,237,New York
42996,312761027102,256852,25,0,387,New Orleans
88,106461306137,259187,122,0,237,New York
42996,312761027102,256853,23,0,387,New Orleans
88,103261456145,259189,122,0,237,New York
94,206261026142,253487,656,1,21,New York
42996,312761027102,256854,24,1,386,Mobile Amtrak Sta
42996,312761027102,256855,26,1,386,Mobile Amtrak Sta
42954,312761027102,222172,5811,0,,Bakersfield
94,103061466149,253489,656,1,21,New York
94,106261526183,253490,656,1,21,New York
94,106261876247,253492,656,1,21,New York
88,106461516242,259190,122,0,237,New York
94,206261026142,253498,649,0,23,Harrisburg
42954,312761027102,237424,6291,1,,Lakeland
88,103262506250,259192,122,0,237,New York
94,103061466149,253500,649,0,23,Harrisburg
94,106261526183,253501,649,0,23,Harrisburg
94,106261876247,253503,649,0,23,Harrisburg
40751,106462497102,259208,2258,0,327,Boston
88,100162487102,259219,146,0,258,Springfield
88,106462497102,259220,146,0,258,Springfield
94,206261026142,253519,653,0,23,Harrisburg
94,103061466149,253521,653,0,23,Harrisburg
94,106261526183,253522,653,0,23,Harrisburg
94,106261876247,253524,653,0,23,Harrisburg
94,206261026142,253528,652,1,21,New York
94,103061466149,253530,652,1,21,New York
94,106261526183,253531,652,1,21,New York
94,106261876247,253533,652,1,21,New York
94,206261026142,253537,657,0,23,Harrisburg
36921,312761027102,246189,238,1,245,New York
94,103061466149,253539,657,0,23,Harrisburg
94,106261526183,253540,657,0,23,Harrisburg
94,106261876247,253542,657,0,23,Harrisburg
94,206261026142,253546,654,1,21,New York
94,103061466149,253548,654,1,21,New York
94,106261526183,253549,654,1,21,New York
42954,312761027102,243156,3711,0,,Chico
94,106261876247,253551,654,1,21,New York
88,100261076107,250606,93,1,342,Norfolk
88,106261106142,250607,93,1,342,Norfolk
88,106261466183,250609,93,1,342,Norfolk
88,106261876247,250611,93,1,342,Norfolk
95,312761027102,257800,68,1,3,New York
68,312761027102,257806,64,1,198,New York
88,106561086116,259053,88,0,264,Boston
88,106561226123,259054,88,0,264,Boston
88,106561296242,259055,88,0,264,Boston
88,103261456145,259056,88,0,264,Boston
88,100261846184,259057,88,0,264,Boston
88,103262506250,259059,88,0,264,Boston
40751,100162487102,259066,2214,0,328,New York
42954,312761027102,245361,3524,1,,Reno
40751,100161086115,259062,2214,0,328,New York
40751,100161226122,259063,2214,0,328,New York
40751,100161296241,259064,2214,0,328,New York
40751,106461446144,259065,2214,0,328,New York
88,100162487102,259082,194,0,264,Boston
42954,312761027102,244367,5402,1,,San Bernardino
42954,112762847102,242209,6610,1,,Emeryville
42954,112762847102,242223,3910,1,,Stockton
42954,112762847102,242230,6510,1,,Martinez
42954,112762847102,242245,3710,1,,Stockton
42954,112762847102,242252,3810,1,,Stockton
42912,312761027102,257850,8004,1,,Kingman
88,100161086115,259077,194,0,264,Boston
42954,212761026163,242205,6610,1,,Emeryville
88,100161226122,259078,194,0,264,Boston
42954,100161646164,242206,6610,1,,Emeryville
42954,112761656282,242207,6610,1,,Emeryville
42954,100162836283,242208,6610,1,,Emeryville
88,100161296241,259079,194,0,264,Boston
88,106461446144,259080,194,0,264,Boston
88,100261846184,259081,194,0,264,Boston
42951,312761027102,220046,306,0,254,Chicago
42954,212761026163,242219,3910,1,,Stockton
42954,100161646164,242220,3910,1,,Stockton
42954,112761656282,242221,3910,1,,Stockton
42954,100162836283,242222,3910,1,,Stockton
42954,212761026163,242226,6510,1,,Martinez
42954,100161646164,242227,6510,1,,Martinez
42954,112761656282,242228,6510,1,,Martinez
94,106262517102,253437,648,1,21,New York
94,106262517102,253447,647,0,23,Harrisburg
94,106262517102,253456,645,0,23,Harrisburg
88,106462496249,259083,194,0,264,Boston
42954,100162836283,242229,6510,1,,Martinez
42954,312761027102,244371,5412,1,,San Bernardino
42954,212761026163,242241,3710,1,,Stockton
42954,100161646164,242242,3710,1,,Stockton
42954,112761656282,242243,3710,1,,Stockton
42954,100162836283,242244,3710,1,,Stockton
42954,212761026163,242248,3810,1,,Stockton
88,106462567102,259123,96,0,264,Boston
42954,100161646164,242249,3810,1,,Stockton
42954,112761656282,242250,3810,1,,Stockton
42954,100162836283,242251,3810,1,,Stockton
94,206261026142,253429,648,1,21,New York
94,103061466149,253431,648,1,21,New York
94,106261526183,253432,648,1,21,New York
94,206261026142,253555,658,1,21,New York
94,103061466149,253557,658,1,21,New York
94,106261526183,253558,658,1,21,New York
94,106261876247,253560,658,1,21,New York
42985,306261027102,248559,9409,1,,Washington
40751,106461096123,259203,2258,0,327,Boston
40751,106461306137,259204,2258,0,327,Boston
40751,103261456145,259206,2258,0,327,Boston
40751,106461516242,259207,2258,0,327,Boston
88,100161927102,256899,109,1,267,Washington
88,100161086115,259211,146,0,258,Springfield
88,106461096116,259212,146,0,258,Springfield
88,100161226122,259213,146,0,258,Springfield
88,106461236123,259214,146,0,258,Springfield
88,100161296241,259215,146,0,258,Springfield
88,106461306242,259216,146,0,258,Springfield
42954,312761027102,243164,5702,1,,Los Angeles
42954,312761027102,243167,3811,0,,Davis
42954,312761027102,243170,5802,1,,Los Angeles
42954,112762847102,243182,5810,1,,Los Angeles
42954,112762847102,243197,5710,1,,Los Angeles
42954,312761027102,243203,5712,1,,Los Angeles
88,103261456145,259217,146,0,258,Springfield
88,100261846184,259218,146,0,258,Springfield
88,103262506250,259221,146,0,258,Springfield
88,100161086108,256893,109,1,267,Washington
88,100161156115,256894,109,1,267,Washington
88,100161226122,256895,109,1,267,Washington
88,100161296185,256896,109,1,267,Washington
88,106461446144,256897,109,1,267,Washington
88,100261846184,256898,109,1,267,Washington
88,106462496249,256900,109,1,267,Washington
42954,306261027102,243207,3911,0,,San Jose
42954,306561027102,243210,3911,0,,San Jose
42954,312761027102,243215,5818,1,,San Diego
42954,312761027102,243218,5912,1,,Santa Monica
42954,112762847102,243227,5910,1,,Santa Monica
42954,312761027102,243235,5716,1,,Los Angeles
42954,312761027102,243238,5812,1,,Los Angeles
42954,312761027102,229485,6316,1,,Martinez
42985,306261027102,248561,9413,1,,Washington
58,107461897102,256916,51,0,188,Chicago
42985,306261027102,248563,9419,1,,Washington
42985,306261027102,248565,9421,1,,Washington
42954,312761027102,222210,5714,1,,Los Angeles
36921,312761027102,241687,230,1,245,New York
42954,212761026163,243178,5810,1,,Los Angeles
42954,100161646164,243179,5810,1,,Los Angeles
42954,112761656282,243180,5810,1,,Los Angeles
42954,100162836283,243181,5810,1,,Los Angeles
42954,107461287102,254583,4050,1,,Richmond
42954,107461287102,254588,4051,0,,Charlottesville
88,100161086122,259230,142,0,237,New York
88,100161296241,259231,142,0,237,New York
88,106461446144,259232,142,0,237,New York
88,100261846184,259233,142,0,237,New York
88,106462496249,259235,142,0,237,New York
58,207461026109,256910,51,0,188,Chicago
58,107461166121,256912,51,0,188,Chicago
58,106461236123,256913,51,0,188,Chicago
58,107461286186,256915,51,0,188,Chicago
88,106461096123,259239,166,0,264,Boston
88,106461306137,259240,166,0,264,Boston
42954,212761026163,243193,5710,1,,Los Angeles
42954,207461026109,254579,4050,1,,Richmond
42985,306261027102,248567,9435,1,,Washington
42954,107461166123,254581,4050,1,,Richmond
42954,207461026109,254584,4051,0,,Charlottesville
42985,306261027102,248569,9447,1,,Washington
42954,107461166123,254586,4051,0,,Charlottesville
42985,306261027102,248571,9537,1,,Washington
42985,306261027102,248573,9423,1,,Washington
88,100162487102,259234,142,0,237,New York
88,106462567102,259246,166,0,264,Boston
42954,100161646164,243194,5710,1,,Los Angeles
42954,112761656282,243195,5710,1,,Los Angeles
42954,100162836283,243196,5710,1,,Los Angeles
88,106561927102,256925,143,1,259,Washington
88,100161927102,256936,101,1,267,Washington
88,103261456145,259242,166,0,264,Boston
88,106461516242,259243,166,0,264,Boston
88,103262506250,259245,166,0,264,Boston
88,106562487102,259259,158,0,349,New York
88,106462567102,259270,104,0,237,New York
42985,306261027102,248575,9579,1,,Baltimore
42985,306261027102,248577,9652,0,,Perryville
42985,306261027102,248579,9502,0,,Perryville
42985,306261027102,248581,9520,0,,Perryville
88,106561086109,256919,143,1,259,Washington
88,106561156116,256920,143,1,259,Washington
88,106561226123,256921,143,1,259,Washington
88,106561296186,256922,143,1,259,Washington
88,103261456145,256923,143,1,259,Washington
88,100261846184,256924,143,1,259,Washington
88,103262506250,256926,143,1,259,Washington
42985,306261027102,248586,9544,0,,Perryville
42985,306261027102,248588,9422,0,,Baltimore
42985,306261027102,248590,9426,0,,Baltimore
42954,212761026163,243223,5910,1,,Santa Monica
80,106262127102,257957,355,0,53,Chicago
88,106561086123,259255,158,0,349,New York
80,106562137102,257958,355,0,53,Chicago
42954,100161646164,243224,5910,1,,Santa Monica
42954,112761656282,243225,5910,1,,Santa Monica
42954,100162836283,243226,5910,1,,Santa Monica
88,100161086108,256930,101,1,267,Washington
88,100161156115,256931,101,1,267,Washington
88,100161226122,256932,101,1,267,Washington
88,100161296185,256933,101,1,267,Washington
88,106461446144,256934,101,1,267,Washington
79,312761027102,253579,74,1,107,Raleigh
88,100261846184,256935,101,1,267,Washington
88,106462496249,256937,101,1,267,Washington
80,206261026107,257953,355,0,53,Chicago
80,206561026109,257954,355,0,53,Chicago
80,106261106211,257955,355,0,53,Chicago
80,106561156207,257956,355,0,53,Chicago
88,106561296242,259256,158,0,349,New York
88,103261456145,259257,158,0,349,New York
88,100261846184,259258,158,0,349,New York
88,103262506250,259260,158,0,349,New York
88,106461096123,259263,104,0,237,New York
88,106461306137,259264,104,0,237,New York
80,106262127102,257966,351,0,53,Chicago
80,106562137102,257967,351,0,53,Chicago
80,106262127102,257973,354,1,52,Pontiac
80,106562137102,257974,354,1,52,Pontiac
88,103261456145,259266,104,0,237,New York
88,106461516242,259267,104,0,237,New York
88,103262506250,259269,104,0,237,New York
42954,312761027102,243246,6611,0,,San Francisco
42954,312761027102,243249,6617,0,,San Francisco
88,106561927102,250823,135,1,260,Washington
80,206261026107,257960,351,0,53,Chicago
88,100161927102,256948,147,1,391,Roanoke
88,106461096123,259272,100,0,237,New York
80,206561026109,257961,351,0,53,Chicago
88,106461306137,259273,100,0,237,New York
88,106462567102,256982,105,1,267,Washington
42954,312761027102,243252,6517,0,,Santa Rosa
42954,312761027102,243255,6515,0,,Santa Rosa
80,106061106127,257962,351,0,53,Chicago
80,100261146121,257963,351,0,53,Chicago
80,106561156207,257964,351,0,53,Chicago
80,106261286211,257965,351,0,53,Chicago
88,103261456145,259275,100,0,237,New York
80,206261026107,257968,354,1,52,Pontiac
80,206561026109,257969,354,1,52,Pontiac
80,106261116211,257971,354,1,52,Pontiac
80,106561156207,257972,354,1,52,Pontiac
88,106461516242,259276,100,0,237,New York
42954,312761027102,243258,3819,0,,Davis
42954,312761027102,243261,3817,0,,Davis
42954,312761027102,243264,6615,0,,San Francisco
42954,312761027102,243267,3715,0,,Sacramento
88,103262506250,259278,100,0,237,New York
40751,106461096123,259281,2226,0,328,New York
42954,312761027102,243273,6619,0,,San Francisco
42954,312761027102,243276,3815,0,,Davis
40751,106461306137,259282,2226,0,328,New York
42954,312761027102,243281,3915,0,,San Jose
42954,312761027102,243284,6311,0,,Arcata
42954,312761027102,243287,3717,0,,Chico
41080,312761027102,243290,3761,0,,Redding
88,100161086108,256942,147,1,391,Roanoke
88,100161156115,256943,147,1,391,Roanoke
88,100161226122,256944,147,1,391,Roanoke
88,100161296185,256945,147,1,391,Roanoke
88,106462567102,259279,100,0,237,New York
88,106461446144,256946,147,1,391,Roanoke
88,100261846184,256947,147,1,391,Roanoke
88,106462496249,256949,147,1,391,Roanoke
40751,106462497102,259286,2226,0,328,New York
88,106562487102,259292,124,0,393,Philadelphia
40751,103261456145,259284,2226,0,328,New York
40751,106461516242,259285,2226,0,328,New York
88,106561086109,250819,135,1,260,Washington
88,106561156186,250820,135,1,260,Washington
88,106561086123,259288,124,0,393,Philadelphia
88,106561296242,259289,124,0,393,Philadelphia
88,103261456145,259290,124,0,393,Philadelphia
88,100261846184,259291,124,0,393,Philadelphia
88,103262506250,259293,124,0,393,Philadelphia
42954,312761027102,194956,5014,1,,Emeryville
88,103261456145,250821,135,1,260,Washington
88,100261846184,250822,135,1,260,Washington
88,106562487102,259300,128,0,349,New York
41080,106061106127,257976,3352,1,,Pontiac
88,103262506250,250824,135,1,260,Washington
88,106461096109,256972,105,1,267,Washington
88,106461166116,256973,105,1,267,Washington
88,106461306137,256975,105,1,267,Washington
80,306561027102,257980,352,1,52,Pontiac
88,106561086123,259296,128,0,349,New York
80,106261287102,257985,352,1,52,Pontiac
88,106561296242,259297,128,0,349,New York
88,103261456145,256977,105,1,267,Washington
88,106461516186,256978,105,1,267,Washington
88,106461936242,256979,105,1,267,Washington
88,103262506250,256981,105,1,267,Washington
88,103261456145,259298,128,0,349,New York
88,100261846184,259299,128,0,349,New York
88,103262506250,259301,128,0,349,New York
80,206261026107,257979,352,1,52,Pontiac
80,100261146121,257982,352,1,52,Pontiac
36921,312761027102,242355,235,0,248,Rensselaer
42954,312761027102,222246,3813,0,,Davis
80,306561027102,257990,353,0,53,Chicago
80,106261287102,257993,353,0,53,Chicago
80,206261026107,257989,353,0,53,Chicago
42948,306561027102,243301,3655,0,,New Haven
42948,306561027102,243303,3663,0,,New Haven
80,100261146121,257992,353,0,53,Chicago
42948,306561027102,243305,3699,0,,New Haven
42948,306561027102,243307,3629,0,,New Haven
42948,306561027102,243309,3613,0,,New Haven
42948,306561027102,243311,3621,0,,New Haven
42948,306561027102,243318,3645,0,,New Haven
42958,312761027102,246284,6090,0,,Wilson
42954,312761027102,222248,3865,0,,Stockton
41080,106061106127,257999,3353,0,,Chicago
42985,300161027102,222461,9675,1,,Washington
42954,312761027102,222463,3602,0,,Sacramento
42954,306261027102,245593,6394,0,,Norfolk
42954,312761027102,245605,4785,0,,Oakland
42954,312761027102,241106,4104,1,,Merced
42954,312761027102,241110,4119,0,,San Jose
42956,306561027102,258004,364,1,171,Port Huron
42956,106261287102,258009,364,1,171,Port Huron
42948,306561027102,243319,3690,1,,New London
42948,306561027102,243324,3692,1,,New London
42985,300161027102,222468,9685,1,,Washington
42948,306261027102,243327,1610,1,,New London
42948,306261027102,243331,1602,1,,New London
88,106462567102,257041,189,1,267,Washington
42956,306561027102,258011,365,0,172,Chicago
42956,106261287102,258014,365,0,172,Chicago
42948,306561027102,243332,3034,1,,New London
42948,306561027102,243336,3652,1,,New London
42948,306261027102,243340,1606,1,,New London
42948,306561027102,243341,3644,1,,New London
42948,306261027102,243348,1634,1,,New London
42948,306561027102,243349,3618,1,,New London
42948,306261027102,243353,1632,1,,New London
42948,306261027102,243356,1638,1,,New London
42948,306261027102,243359,1600,1,,New London
88,106262517102,253630,183,1,267,Washington
42956,206261026107,258003,364,1,171,Port Huron
42956,105661106126,258005,364,1,171,Port Huron
42956,100661136121,258007,364,1,171,Port Huron
42956,105861146126,258008,364,1,171,Port Huron
42956,206261026107,258010,365,0,172,Chicago
42956,106061106127,258012,365,0,172,Chicago
42956,100261146121,258013,365,0,172,Chicago
42954,312761027102,219590,5011,0,,San Francisco
42948,306261027102,243362,1604,1,,New London
42954,306261027102,245615,6094,0,,Norfolk
42954,106561087102,259390,3584,1,,Sparks
42954,312761027102,259395,3549,0,,Sacramento
88,206261026106,253622,183,1,267,Washington
88,100261076107,253623,183,1,267,Washington
42948,306261027102,243365,1652,1,,New London
88,106261106142,253624,183,1,267,Washington
42954,103261456145,259391,3584,1,,Sparks
42954,103262506250,259392,3584,1,,Sparks
88,106261466183,253626,183,1,267,Washington
88,106261876247,253628,183,1,267,Washington
42948,306261027102,243369,1687,0,,New Haven
42948,306261027102,243372,1645,0,,New Haven
42948,306261027102,243375,1633,0,,New Haven
42948,306261027102,243379,1667,0,,New Haven
42948,306261027102,243382,1681,0,,New Haven
42958,312761027102,250876,6189,1,,Jacksonville
42958,312761027102,250878,6089,1,,Swansboro
42948,306261027102,243385,1691,0,,New Haven
42948,306261027102,243389,1695,0,,New Haven
42948,306261027102,243393,1640,1,,New London
42948,306261027102,243396,1659,0,,New Haven
42948,306261027102,243400,1637,0,,New Haven
84,106561087102,259398,738,1,64,Sacramento
40751,106261467102,259407,2151,1,324,Washington
63,312761027102,245627,390,0,109,Chicago
84,103261456145,259399,738,1,64,Sacramento
84,103262506250,259400,738,1,64,Sacramento
42948,306261027102,243403,1699,0,,New Haven
88,106461096109,257031,189,1,267,Washington
88,106461166116,257032,189,1,267,Washington
42985,300161027102,222474,9494,0,,Baltimore
42985,306561027102,222476,9491,1,,Washington
42985,306561027102,222490,9495,1,,Washington
42985,300161027102,222492,9497,1,,Washington
88,106461236123,257033,189,1,267,Washington
42985,300161027102,222514,9696,0,,Martin Airport
42985,300161027102,222516,9698,0,,Martin Airport
88,106261876247,259416,111,1,267,Washington
88,100161086108,257057,159,1,267,Washington
88,100161156115,257058,159,1,267,Washington
88,100161296185,257060,159,1,267,Washington
88,106461446144,257061,159,1,267,Washington
88,100261846184,257062,159,1,267,Washington
88,106462496249,257064,159,1,267,Washington
88,300161027102,250906,144,0,388,New York
88,100161086108,257068,107,1,267,Washington
88,100161156115,257069,107,1,267,Washington
88,100161226122,257070,107,1,267,Washington
88,100161296185,257071,107,1,267,Washington
88,106461446144,257072,107,1,267,Washington
88,100261846184,257073,107,1,267,Washington
88,106462496249,257075,107,1,267,Washington
88,106461446144,250908,144,0,388,New York
88,100261846184,250909,144,0,388,New York
88,106462496249,250910,144,0,388,New York
40751,106261877102,259436,2155,1,324,Washington
40751,206261026106,259430,2155,1,324,Washington
40751,100261076107,259431,2155,1,324,Washington
40751,106261106135,259432,2155,1,324,Washington
40751,106261386142,259433,2155,1,324,Washington
40751,106261466184,259435,2155,1,324,Washington
40751,106261877102,259443,2159,1,324,Washington
40751,206261026106,259437,2159,1,324,Washington
40751,100261076107,259438,2159,1,324,Washington
40751,106261106114,259439,2159,1,324,Washington
40751,106261176142,259440,2159,1,324,Washington
40751,106261466184,259442,2159,1,324,Washington
40751,106261467102,259449,2107,1,326,Washington
40751,206261026106,259444,2107,1,326,Washington
40751,100261076107,259445,2107,1,326,Washington
40751,106261106114,259446,2107,1,326,Washington
40751,106261176142,259447,2107,1,326,Washington
42954,312761027102,243433,5605,1,,Seattle
42954,312761027102,243436,5622,0,,Bellingham
42954,312761027102,243439,5604,0,,Bellingham
42954,312761027102,243442,5677,1,,Seattle
72,312761027102,225649,381,0,69,Quincy
40751,106261877102,259455,2121,1,326,Washington
75,112761227102,253660,8,1,186,Chicago
75,112761227102,253664,28,1,243,Chicago
75,112761227102,253669,7,0,184,Seattle
40751,206261026106,259450,2121,1,326,Washington
40751,100261076107,259451,2121,1,326,Washington
40751,106261106142,259452,2121,1,326,Washington
40751,106261466184,259454,2121,1,326,Washington
40751,106262437102,259461,2108,0,328,New York
75,212761026121,253659,8,1,186,Chicago
75,212761026121,253663,28,1,243,Chicago
88,106561927102,250969,153,1,267,Washington
75,212761026121,253668,7,0,184,Seattle
75,112761227102,253675,27,0,241,Portland
40751,206261026114,259456,2108,0,328,New York
40751,106261176121,259457,2108,0,328,New York
40751,106261246142,259458,2108,0,328,New York
40751,106261466240,259460,2108,0,328,New York
54,312761027102,224557,335,0,19,Milwaukee
54,312761027102,224561,338,1,20,Chicago
42958,312761027102,246358,6190,0,,Wilson
75,212761026121,253674,27,0,241,Portland
88,106561086109,250965,153,1,267,Washington
88,106561156186,250966,153,1,267,Washington
88,103261456145,250967,153,1,267,Washington
88,100261846184,250968,153,1,267,Washington
88,103262506250,250970,153,1,267,Washington
88,106561927102,250980,155,1,158,Norfolk
42985,300161027102,222534,9688,0,,Martin Airport
42946,112761497102,258023,59,1,73,New Orleans
42985,306561027102,222568,9487,1,,Washington
42985,306561027102,222570,9490,0,,Baltimore
42985,300161027102,222572,9476,0,,Baltimore
42985,300161027102,222574,9480,0,,Baltimore
42985,306561027102,222576,9482,0,,Baltimore
42985,300161027102,222578,9492,0,,Baltimore
42985,300161027102,222580,9499,1,,Washington
42985,300161027102,222582,9689,1,,Washington
42985,300161027102,222590,9481,1,,Washington
40751,106261176142,259405,2151,1,324,Washington
88,106461306137,257034,189,1,267,Washington
88,103261456145,257036,189,1,267,Washington
88,106461516186,257037,189,1,267,Washington
42946,212761026115,258020,59,1,73,New Orleans
88,106461936242,257038,189,1,267,Washington
42946,112761176148,258022,59,1,73,New Orleans
42946,106461166116,258025,1059,1,73,New Orleans
88,103262506250,257040,189,1,267,Washington
88,106262517102,259418,111,1,267,Washington
42946,112761507102,258037,58,0,74,Chicago
63,312761027102,225626,391,1,110,Carbondale
88,202861026106,259410,111,1,267,Washington
88,100261076107,259411,111,1,267,Washington
88,106261106142,259412,111,1,267,Washington
88,100161927102,257063,159,1,267,Washington
88,100161927102,257074,107,1,267,Washington
42946,212761026116,258034,58,0,74,Chicago
42946,112761186149,258036,58,0,74,Chicago
88,106261466183,259414,111,1,267,Washington
42946,103261176117,258039,1058,0,74,Chicago
88,106561086109,250976,155,1,158,Norfolk
88,106561156186,250977,155,1,158,Norfolk
88,103261456145,250978,155,1,158,Norfolk
88,100261846184,250979,155,1,158,Norfolk
88,103262506250,250981,155,1,158,Norfolk
88,112761877102,253689,151,1,392,Roanoke
40751,106261737102,259473,2166,0,327,Boston
42985,306261027102,243466,9679,1,,Washington
42985,306261027102,243469,9427,1,,Washington
42891,312761027102,232266,8954,0,,Williams
40751,206261026114,259468,2166,0,327,Boston
42891,312761027102,232270,8953,0,,Williams
40751,106261176121,259469,2166,0,327,Boston
78,112761387102,258105,786,1,146,San Diego
40751,106261246142,259470,2166,0,327,Boston
40751,106261466170,259472,2166,0,327,Boston
88,212761026106,253686,151,1,392,Roanoke
88,106761076109,253687,151,1,392,Roanoke
88,112761106186,253688,151,1,392,Roanoke
78,112761246135,258103,786,1,146,San Diego
78,106561366137,258104,786,1,147,Los Angeles
42985,306261027102,243480,9439,1,,Washington
42954,312761027102,222798,3801,0,,Stockton
42954,312761027102,253702,6318,1,,Martinez
42954,312761027102,222799,3701,0,,Chico
42891,312761027102,232277,8853,1,,Flagstaff
42891,312761027102,232282,8854,1,,Flagstaff
42985,306061027102,243486,9455,1,,Washington
42985,306261027102,243490,9451,1,,Washington
42985,300261027102,243496,9589,1,,Washington
80,103261106110,258180,1354,1,52,Pontiac
42956,100461136127,258181,1364,1,171,Port Huron
42947,112670017102,259517,98,0,113,New York
42947,100170027102,259518,98,0,113,New York
42954,312761027102,225718,3713,0,,Chico
42947,206261026107,259504,98,0,113,New York
42947,100161086108,259505,98,0,113,New York
42947,106461096109,259506,98,0,113,New York
42947,112661106121,259507,98,0,113,New York
42947,100161156122,259508,98,0,113,New York
88,306561027102,251114,169,1,355,Philadelphia
42947,112661236142,259509,98,0,113,New York
42947,100161296241,259510,98,0,113,New York
42947,106461446144,259511,98,0,113,New York
42947,112661456240,259512,98,0,113,New York
42947,112662426247,259513,98,0,113,New York
42947,100162486360,259514,98,0,113,New York
42947,106462496249,259515,98,0,113,New York
42947,112662506365,259516,98,0,113,New York
88,103261456145,251115,169,1,355,Philadelphia
88,100261846184,251116,169,1,355,Philadelphia
88,103262506250,251117,169,1,355,Philadelphia
42994,206361026108,259521,40,0,385,Chicago
42994,206361026108,259525,41,1,384,Miami
36923,212461026120,259540,20,0,244,New York
36923,100361076108,259543,20,0,244,New York
36923,100361146115,259544,20,0,244,New York
36923,100361216122,259545,20,0,244,New York
36923,112461236141,259546,20,0,244,New York
36923,100361286241,259547,20,0,244,New York
36923,106461446144,259548,20,0,244,New York
36923,112461456182,259549,20,0,244,New York
36923,100461836183,259550,20,0,244,New York
36923,112461866239,259551,20,0,244,New York
36923,112462426246,259552,20,0,244,New York
36923,100362476360,259553,20,0,244,New York
42994,112761097102,259522,40,0,385,Chicago
42994,112761097102,259526,41,1,384,Miami
36923,100370017102,259556,20,0,244,New York
36923,112470037102,259557,20,0,244,New York
36923,106462496249,259554,20,0,244,New York
36923,112462506365,259555,20,0,244,New York
42954,112761387102,258229,4969,0,,Fullerton
42954,112761387102,258235,4970,1,,Palm Springs
42954,112761387102,258241,4982,1,,Indio
42954,112761387102,258247,4985,0,,Fullerton
42951,312761027102,242714,305,1,256,St. Louis
36921,312761027102,214267,280,1,280,New York
42985,306261027102,225732,9443,1,,Washington
42954,203261026117,258225,4969,0,,Fullerton
85,107070017102,259571,80,0,177,New York
85,105770027102,259572,80,0,177,New York
42954,209561026116,258226,4969,0,,Fullerton
42954,112761186135,258227,4969,0,,Fullerton
42954,106561366137,258228,4969,0,,Fullerton
42985,306261027102,225784,9525,1,,Washington
42985,306261027102,225788,9403,1,,Washington
42954,203261026117,258231,4970,1,,Palm Springs
42954,209561026116,258232,4970,1,,Palm Springs
42954,112761186135,258233,4970,1,,Palm Springs
42954,106561366137,258234,4970,1,,Palm Springs
40751,206261026106,253806,2153,1,324,Washington
42985,306261027102,225820,9431,1,,Washington
42954,203261026117,258237,4982,1,,Indio
42954,209561026116,258238,4982,1,,Indio
42954,112761186135,258239,4982,1,,Indio
42985,306261027102,225840,9583,1,,Baltimore
42954,106561366137,258240,4982,1,,Indio
40751,100261076107,253807,2153,1,324,Washington
42954,203261026117,258243,4985,0,,Fullerton
40751,106261106114,253808,2153,1,324,Washington
42954,209561026116,258244,4985,0,,Fullerton
42954,112761186135,258245,4985,0,,Fullerton
42954,106561366137,258246,4985,0,,Fullerton
85,205761026108,259562,80,0,177,New York
85,107061066120,259563,80,0,177,New York
85,105761106119,259564,80,0,177,New York
85,106661216123,259565,80,0,177,New York
85,100161226122,259566,80,0,177,New York
85,105761246241,259567,80,0,177,New York
85,107061276242,259568,80,0,177,New York
85,105762436364,259569,80,0,177,New York
85,107062466365,259570,80,0,177,New York
42985,306261027102,243545,9416,0,,Baltimore
42985,306261027102,243549,9418,0,,Baltimore
78,112761387102,258261,765,0,148,San Luis Obispo
78,112761387102,258282,777,0,148,San Luis Obispo
78,112761387102,258296,770,1,151,San Diego
85,112770017102,259585,79,1,178,Charlotte
78,112761387102,258302,774,1,146,San Diego
87,108261307102,257293,421,0,193,Los Angeles
85,206061026106,259580,79,1,178,Charlotte
85,100261076107,259581,79,1,178,Charlotte
85,106561086109,259582,79,1,178,Charlotte
85,112761106186,259583,79,1,178,Charlotte
87,107461337102,257301,422,1,195,Chicago
36930,104161317102,257304,1,0,269,Los Angeles
78,200161026108,258257,765,0,148,San Luis Obispo
78,212661026107,258258,765,0,148,San Luis Obispo
78,112761096135,258259,765,0,148,San Luis Obispo
78,106561366137,258260,765,0,150,San Luis Obispo
36930,107461337102,257307,2,1,271,New Orleans
85,112761876365,259584,79,1,178,Charlotte
78,200161026108,258277,777,0,148,San Luis Obispo
78,212661026107,258278,777,0,148,San Luis Obispo
78,112761096123,258279,777,0,148,San Luis Obispo
78,112761246135,258280,777,0,148,San Luis Obispo
78,106561366137,258281,777,0,150,San Luis Obispo
87,208261026109,257289,421,0,193,Los Angeles
42985,306261027102,243556,9428,0,,Baltimore
87,108261116116,257290,421,0,,Los Angeles
87,108261186125,257291,421,0,193,Los Angeles
87,100261286128,257292,421,0,272,San Antonio
87,207461026107,257297,422,1,195,Chicago
87,107461096116,257298,422,1,,Fort Worth
78,200161026108,258292,770,1,151,San Diego
78,212661026107,258293,770,1,151,San Diego
36923,112770017102,259593,19,1,242,New Orleans
69,112770017102,259601,90,0,104,New York
78,112761096135,258294,770,1,151,San Diego
78,106561366137,258295,770,1,,Los Angeles
42947,112770017102,259611,97,1,114,Miami
69,112770017102,259619,89,1,103,Savannah
78,200161026108,258298,774,1,146,San Diego
78,212661026107,258299,774,1,146,San Diego
78,112761096135,258300,774,1,146,San Diego
78,106561366137,258301,774,1,147,Los Angeles
87,107461196128,257299,422,1,195,Chicago
87,106461306130,257300,422,1,274,Chicago
36930,204161026126,257302,1,0,269,Los Angeles
36930,207461026128,257305,2,1,271,New Orleans
88,106262517102,253830,125,1,346,Newport News
36923,212761026106,259586,19,1,242,New Orleans
36923,100261076107,259587,19,1,242,New Orleans
84,106262517102,259490,520,1,59,Sacramento
88,100161927102,251064,163,1,260,Washington
78,112761387102,258132,564,1,101,San Diego
78,112761387102,258139,566,1,101,San Diego
78,112761387102,258142,562,1,101,San Diego
42985,306261027102,243499,9410,0,,Baltimore
42985,306261027102,243502,9554,0,,Perryville
42985,300261027102,243505,9453,1,,Washington
84,206261026142,259486,520,1,59,Sacramento
84,106261466247,259488,520,1,59,Sacramento
78,212761026135,258130,564,1,101,San Diego
78,212761026135,258137,566,1,101,San Diego
78,212761026135,258140,562,1,101,San Diego
88,100161086108,251060,163,1,260,Washington
88,100161156185,251061,163,1,260,Washington
88,106461446144,251062,163,1,260,Washington
88,100261846184,251063,163,1,260,Washington
88,106462496249,251065,163,1,260,Washington
42985,306261027102,243508,9612,0,,Martin Airport
78,112761387102,258151,581,0,102,Los Angeles
78,112761387102,258154,588,1,101,San Diego
78,112761387102,258158,587,0,102,Los Angeles
78,112761387102,258164,567,0,102,Los Angeles
78,112761387102,258173,572,1,101,San Diego
88,106561086109,251082,165,1,260,Washington
88,106561156186,251083,165,1,260,Washington
88,103261456145,251084,165,1,260,Washington
88,100261846184,251085,165,1,260,Washington
88,103262506250,251087,165,1,260,Washington
88,106561927102,251086,165,1,260,Washington
78,212761026135,258149,581,0,102,Los Angeles
78,212761026135,258152,588,1,101,San Diego
78,212761026135,258156,587,0,102,Los Angeles
78,212761026135,258162,567,0,102,Los Angeles
78,212761026135,258171,572,1,101,San Diego
42985,306261027102,243565,9448,0,,Baltimore
78,112761387102,258317,785,0,149,Goleta
36923,106561086109,259588,19,1,242,New Orleans
42985,306261027102,243569,9532,0,,Perryville
42985,306261027102,243573,9438,0,,Baltimore
36923,112761106121,259589,19,1,242,New Orleans
42985,306261027102,243581,9634,0,,Martin Airport
36923,106561226123,259590,19,1,242,New Orleans
42985,306261027102,243584,9430,0,,Baltimore
36923,112761246186,259591,19,1,242,New Orleans
36923,112761876365,259592,19,1,242,New Orleans
69,212761026109,259597,90,0,104,New York
69,112761106123,259598,90,0,104,New York
69,112761246242,259599,90,0,104,New York
69,112762436365,259600,90,0,104,New York
42947,206061026106,259604,97,1,114,Miami
42947,100261076107,259605,97,1,114,Miami
42947,106561086109,259606,97,1,114,Miami
42947,112761106121,259607,97,1,114,Miami
42947,106561226123,259608,97,1,114,Miami
42947,112761246186,259609,97,1,114,Miami
42947,112761876365,259610,97,1,114,Miami
69,206061026106,259613,89,1,103,Savannah
69,106761076109,259614,89,1,103,Savannah
69,112761106121,259615,89,1,103,Savannah
69,106561226123,259616,89,1,103,Savannah
88,206261026106,253822,125,1,346,Newport News
88,100261076107,253823,125,1,346,Newport News
88,106261106142,253824,125,1,346,Newport News
69,112761246186,259617,89,1,103,Savannah
69,112761876365,259618,89,1,103,Savannah
78,200161026108,258313,785,0,149,Goleta
78,212661026107,258314,785,0,149,Goleta
78,112761096135,258315,785,0,149,Goleta
78,106561366137,258316,785,0,,Goleta
88,106261466183,253826,125,1,346,Newport News
78,112761387102,258326,580,1,101,San Diego
42985,306261027102,243589,9548,0,,Perryville
78,112761387102,258331,579,0,102,Los Angeles
42985,300261027102,243599,9452,0,,Baltimore
88,106261876247,253828,125,1,346,Newport News
78,212761026123,258320,586,1,101,San Diego
88,106262517102,259630,182,0,237,New York
88,206261026121,259622,182,0,237,New York
88,106261246142,259623,182,0,237,New York
88,106261466183,259625,182,0,237,New York
42985,306261027102,225892,9424,0,,Baltimore
78,212761026135,258324,580,1,101,San Diego
78,212761026135,258329,579,0,102,Los Angeles
88,106261876240,259627,182,0,237,New York
88,106262436247,259628,182,0,237,New York
42985,306261027102,225912,9642,0,,Martin Airport
78,112761387102,258336,591,0,102,Los Angeles
78,212761026135,258334,591,0,102,Los Angeles
64,112761527102,242699,42,1,106,New York
61,103562226227,259727,1689,0,152,Brunswick
61,105162296234,259730,1689,0,152,Brunswick
61,104862436244,259733,1689,0,152,Brunswick
61,102762516255,259735,1689,0,152,Brunswick
42954,312761027102,223146,6614,1,,Emeryville
61,103362576262,259738,1689,0,152,Brunswick
61,103162656269,259741,1689,0,152,Brunswick
61,100462746274,259743,1689,0,152,Brunswick
61,106463196319,259746,1689,0,152,Brunswick
61,103263276327,259748,1689,0,152,Brunswick
61,100463446344,259750,1689,0,152,Brunswick
61,206561026108,259752,699,0,152,Brunswick
61,106461096109,259753,699,0,152,Brunswick
61,106561156123,259754,699,0,152,Brunswick
61,106461306130,259756,699,0,152,Brunswick
61,106561366137,259757,699,0,152,Brunswick
61,100161436143,259758,699,0,152,Brunswick
61,106461516151,259761,699,0,152,Brunswick
88,106262517102,251336,119,1,267,Washington
64,212761026151,242698,42,1,106,New York
88,106462567102,251356,117,1,390,Washington
61,106561586178,259763,699,0,152,Brunswick
61,106561856186,259765,699,0,152,Brunswick
61,106461936207,259767,699,0,152,Brunswick
61,106462216228,259771,699,0,152,Brunswick
61,106562356249,259774,699,0,152,Brunswick
61,106462566263,259776,699,0,152,Brunswick
61,106562706284,259779,699,0,152,Brunswick
61,106562906318,259780,699,0,152,Brunswick
61,206261026106,259783,689,0,152,Brunswick
61,106261146120,259788,689,0,152,Brunswick
61,105661246131,259790,689,0,152,Brunswick
64,112761527102,242705,43,0,105,Pittsburgh
42954,106262517102,255306,3646,1,,Auburn
42954,112762487102,255311,5419,0,,Bakersfield
61,100261356135,259794,689,0,152,Brunswick
61,106061386145,259795,689,0,152,Brunswick
61,103861486155,259798,689,0,152,Brunswick
36921,312761027102,258371,239,0,248,Rensselaer
61,105661596161,259801,689,0,152,Brunswick
61,106261666170,259803,689,0,152,Brunswick
61,100861756175,259805,689,0,152,Brunswick
36921,312761027102,258374,237,0,248,Rensselaer
61,101461826184,259807,689,0,152,Brunswick
61,100461906190,259810,689,0,152,Brunswick
61,101261966197,259811,689,0,152,Brunswick
61,103662046208,259814,689,0,152,Brunswick
88,206261026106,251328,119,1,267,Washington
88,100261076107,251329,119,1,267,Washington
88,106261106142,251330,119,1,267,Washington
88,106261466183,251332,119,1,267,Washington
88,106261876247,251334,119,1,267,Washington
42954,206261026142,255302,3646,1,,Auburn
64,212761026151,242704,43,0,105,Pittsburgh
42954,106261466247,255304,3646,1,,Auburn
42954,212761026141,255307,5419,0,,Bakersfield
42954,100261426142,255308,5419,0,,Bakersfield
42954,112761436246,255309,5419,0,,Bakersfield
42954,100262476247,255310,5419,0,,Bakersfield
61,103262156215,259816,689,0,152,Brunswick
61,102862236225,259819,689,0,152,Brunswick
42954,106262517102,255316,3539,0,,Sacramento
42954,306561027102,255317,3591,0,,Sacramento
42954,106262517102,255324,3623,0,,Sacramento
42954,106262517102,255329,3532,1,,Sparks
36921,312761027102,258383,241,0,248,Rensselaer
61,101262316232,259821,689,0,152,Brunswick
61,106262366240,259822,689,0,152,Brunswick
61,104662456250,259824,689,0,152,Brunswick
61,100462536253,259826,689,0,152,Brunswick
42954,312761027102,223182,6616,1,,Emeryville
61,106262586264,259828,689,0,152,Brunswick
61,105662716273,259830,689,0,152,Brunswick
42954,312761027102,223191,6613,0,,San Francisco
61,106262756285,259832,689,0,152,Brunswick
61,106262866324,259833,689,0,152,Brunswick
88,106461096109,251348,117,1,390,Washington
88,106461166137,251349,117,1,390,Washington
88,103261456145,251351,117,1,390,Washington
88,106461516186,251352,117,1,390,Washington
88,106461936242,251353,117,1,390,Washington
40751,206261026106,253784,2109,1,326,Washington
40751,100261076107,253785,2109,1,326,Washington
40751,106261106114,253786,2109,1,326,Washington
42920,312761027102,237758,8904,0,,Newton
42985,306261027102,225964,9585,1,,Baltimore
55,312761027102,251207,371,0,28,Chicago
55,312761027102,251210,370,1,27,Grand Rapids
78,112761387102,258349,593,0,102,Los Angeles
78,212761026135,258347,593,0,102,Los Angeles
78,112761387102,259676,769,0,149,Goleta
78,112761387102,259683,790,1,151,San Diego
88,106262517102,251243,95,1,342,Norfolk
40751,206261026114,253866,2168,0,327,Boston
78,200161026108,259671,769,0,149,Goleta
78,203061026107,259673,769,0,149,Goleta
78,112761096135,259674,769,0,149,Goleta
78,106561366137,259675,769,0,,Goleta
78,200161026108,259678,790,1,151,San Diego
78,209461026107,259679,790,1,151,San Diego
78,112761096135,259681,790,1,151,San Diego
88,206261026106,251235,95,1,342,Norfolk
88,100261076107,251236,95,1,342,Norfolk
88,106261106142,251237,95,1,342,Norfolk
88,106261466183,251239,95,1,342,Norfolk
88,106261876247,251241,95,1,342,Norfolk
78,106561366137,259682,790,1,,Los Angeles
18650,312761027102,257368,5521,1,,Springfield
18650,312761027102,257377,5522,0,,Galesburg
18650,312761027102,257380,8359,1,,Carbondale
18650,312761027102,257383,8358,0,,St. Louis
42954,112762487102,255278,5703,0,,Bakersfield
42954,112762487102,255283,5719,0,,Bakersfield
42954,112762327102,258361,4782,1,,Santa Barbara
61,106563257102,259782,699,0,152,Brunswick
61,106263457102,259837,689,0,152,Brunswick
42954,212761026229,258359,4782,1,,Santa Barbara
42954,102462306231,258360,4782,1,,Santa Barbara
42954,212761026141,255274,5703,0,,Bakersfield
42954,100261426142,255275,5703,0,,Bakersfield
42954,112761436246,255276,5703,0,,Bakersfield
42954,100262476247,255277,5703,0,,Bakersfield
42954,212761026141,255279,5719,0,,Bakersfield
42954,100261426142,255280,5719,0,,Bakersfield
42954,112761436246,255281,5719,0,,Bakersfield
42954,100262476247,255282,5719,0,,Bakersfield
42954,112762487102,255288,5919,0,,Bakersfield
42954,106262517102,255293,3642,1,,Auburn
42954,106262517102,255301,3536,1,,Auburn
61,106261076113,259691,1689,0,152,Brunswick
61,100661216127,259695,1689,0,152,Brunswick
61,103161286134,259697,1689,0,152,Brunswick
61,109061426147,259701,1689,0,152,Brunswick
61,102561506154,259705,1689,0,152,Brunswick
61,100761566163,259708,1689,0,152,Brunswick
61,111861736181,259711,1689,0,152,Brunswick
61,104861876202,259715,1689,0,152,Brunswick
61,101161896192,259716,1689,0,152,Brunswick
61,101161986206,259720,1689,0,152,Brunswick
42954,212761026141,255284,5919,0,,Bakersfield
42954,100261426142,255285,5919,0,,Bakersfield
42954,112761436246,255286,5919,0,,Bakersfield
42954,100262476247,255287,5919,0,,Bakersfield
42954,206261026142,255289,3642,1,,Auburn
42954,106261466247,255291,3642,1,,Auburn
42954,206261026142,255297,3536,1,,Auburn
42954,106261466247,255299,3536,1,,Auburn
61,109562096220,259724,1689,0,152,Brunswick
88,103262506250,251355,117,1,390,Washington
42954,206261026142,255312,3539,0,,Sacramento
42954,106261466247,255314,3539,0,,Sacramento
42954,103261456145,255318,3591,0,,Sacramento
42954,103262506250,255319,3591,0,,Sacramento
42954,206261026142,255320,3623,0,,Sacramento
42954,106261466247,255322,3623,0,,Sacramento
42954,206261026142,255325,3532,1,,Sparks
42954,106261466247,255327,3532,1,,Sparks
61,106263286343,259835,689,0,152,Brunswick
40751,206061026106,258385,2117,1,326,Washington
40751,100261076107,258386,2117,1,326,Washington
40751,106261106114,258387,2117,1,326,Washington
40751,206261026114,259843,2124,0,328,New York
40751,106261176121,259844,2124,0,328,New York
40751,106261246142,259845,2124,0,328,New York
40751,106261466240,259847,2124,0,328,New York
40751,206261026121,259849,2172,0,327,Boston
40751,106261246142,259850,2172,0,327,Boston
40751,106261466240,259852,2172,0,327,Boston
88,106462567102,251379,121,1,267,Washington
88,106462567102,251397,123,1,389,Philadelphia
40751,106262437102,259848,2124,0,328,New York
40751,106262437102,259853,2172,0,327,Boston
42954,312761027102,237848,6292,0,,Jacksonville
88,106461096109,251371,121,1,267,Washington
88,106461166137,251372,121,1,267,Washington
88,103261456145,251374,121,1,267,Washington
88,106461516186,251375,121,1,267,Washington
88,106461936242,251376,121,1,267,Washington
88,103262506250,251378,121,1,267,Washington
40751,106261877102,259860,2171,1,324,Washington
42912,312761027102,191735,8003,0,,Las Vegas
42954,306561027102,243928,6065,1,,Virginia Beach
88,206461026137,251391,123,1,389,Philadelphia
88,103261456145,251393,123,1,389,Philadelphia
88,106461516242,251394,123,1,389,Philadelphia
40751,206261026106,259854,2171,1,324,Washington
40751,100261076107,259855,2171,1,324,Washington
40751,106261106114,259856,2171,1,324,Washington
40751,106261176142,259857,2171,1,324,Washington
40751,106261466184,259859,2171,1,324,Washington
42954,312761027102,237851,6048,1,,Toledo
88,103262506250,251396,123,1,389,Philadelphia
40751,106562487102,259866,2248,0,327,Boston
42896,112762487102,255409,5619,0,,Las Vegas
42896,112762487102,255419,5612,1,,Santa Barbara
40751,106561086116,259862,2248,0,327,Boston
40751,106561226123,259863,2248,0,327,Boston
40751,106561296242,259864,2248,0,327,Boston
88,106262517102,251417,129,1,267,Washington
88,106262517102,251428,131,1,267,Washington
40751,103261456145,259865,2248,0,327,Boston
42954,312761027102,237861,6049,0,,East Lansing
36921,312761027102,246825,236,1,245,New York
36921,312761027102,246828,233,0,248,Rensselaer
42954,306261027102,243949,6125,1,,Virginia Beach
42954,306261027102,243955,6093,0,,Newport News
42954,306261027102,243958,6095,1,,Virginia Beach
88,206261026106,251409,129,1,267,Washington
88,100261076107,251410,129,1,267,Washington
88,106261106142,251411,129,1,267,Washington
88,106261466183,251413,129,1,267,Washington
88,106261876247,251415,129,1,267,Washington
42896,212761026144,255405,5619,0,,Las Vegas
42896,103261456145,255406,5619,0,,Las Vegas
42896,112761466246,255407,5619,0,,Las Vegas
42896,100262476247,255408,5619,0,,Las Vegas
42896,212761026144,255415,5612,1,,Santa Barbara
42896,103261456145,255416,5612,1,,Santa Barbara
42896,112761466246,255417,5612,1,,Santa Barbara
42896,100262476247,255418,5612,1,,Santa Barbara
88,206261026106,251420,131,1,267,Washington
88,100261076107,251421,131,1,267,Washington
88,106261106142,251422,131,1,267,Washington
88,106261466183,251424,131,1,267,Washington
88,106261876247,251426,131,1,267,Washington
36921,312761027102,246849,244,1,245,New York
36921,312761027102,246853,243,0,248,Rensselaer
41044,106262517102,259892,495,1,,New Haven
40751,106561927102,259899,2259,1,324,Washington
42954,100161436143,255427,6702,0,,
42954,306561027102,243983,6187,1,,Virginia Beach
42954,306561027102,243986,6128,0,,Norfolk
42954,306261027102,243990,6438,0,,Norfolk
42954,306261027102,243997,6186,0,,Newport News
41044,206261026142,259886,495,1,,New Haven
41044,106261466183,259888,495,1,,New Haven
41044,106261876247,259890,495,1,,New Haven
40751,106561086109,259894,2259,1,324,Washington
40751,106561156116,259895,2259,1,324,Washington
40751,106561226123,259896,2259,1,324,Washington
40751,106561296186,259897,2259,1,324,Washington
40751,103261456145,259898,2259,1,324,Washington
42954,306261027102,246885,6260,0,,Worcester
42954,306561027102,246886,6260,0,,Worcester
42954,306561027102,246888,6255,1,,Providence
42954,306261027102,246890,6255,1,,Providence
42954,306561027102,246892,6256,0,,Worcester
42954,306261027102,246894,6256,0,,Worcester
42954,300161027102,246896,6258,0,,Worcester
42954,306261027102,246899,6258,0,,Worcester
42954,306461027102,246900,6258,0,,Worcester
42954,306261027102,246904,6257,1,,Providence
42954,306561027102,246905,6257,1,,Providence
42954,100161436143,255431,6710,0,,
40751,100162487102,259906,2218,0,328,New York
40751,100162487102,259914,2216,0,328,New York
40751,100161927102,259922,2249,1,324,Washington
40751,100161086108,259901,2218,0,328,New York
40751,100161156115,259902,2218,0,328,New York
40751,100161226122,259903,2218,0,328,New York
42954,100161436143,255435,6713,0,,
40751,100161296241,259904,2218,0,328,New York
40751,106461446144,259905,2218,0,328,New York
40751,100161086115,259910,2216,0,328,New York
40751,100161226122,259911,2216,0,328,New York
40751,100161296241,259912,2216,0,328,New York
40751,106461446144,259913,2216,0,328,New York
40751,100161086108,259918,2249,1,324,Washington
40751,100161156115,259919,2249,1,324,Washington
40751,100161226185,259920,2249,1,324,Washington
40751,106461446144,259921,2249,1,324,Washington
42954,312761027102,218780,5005,0,,San Francisco
42954,312761027102,249420,5917,0,,Bakersfield
40751,100161927102,259936,2255,1,324,Washington
40751,106461937102,259937,2255,1,324,Washington
40751,100161927102,259945,2201,1,326,Washington
42954,100161436143,255439,6715,1,,Merced
40751,106561086109,259926,2255,1,324,Washington
40751,106561156116,259927,2255,1,324,Washington
40751,100161226122,259928,2255,1,324,Washington
40751,106461236123,259929,2255,1,324,Washington
40751,100161296143,259930,2255,1,324,Washington
40751,106461306137,259931,2255,1,324,Washington
40751,103261456145,259933,2255,1,324,Washington
40751,100161506185,259934,2255,1,324,Washington
40751,106461516186,259935,2255,1,324,Washington
40751,100161086108,259940,2201,1,326,Washington
40751,100161156115,259941,2201,1,326,Washington
40751,100161226143,259942,2201,1,326,Washington
40751,106461446144,259943,2201,1,326,Washington
40751,100161506185,259944,2201,1,326,Washington
40751,106461517102,259951,2292,0,325,Boston
40751,100161927102,259961,2205,1,326,Washington
40751,106461937102,259962,2205,1,326,Washington
88,106262517102,251472,137,1,260,Washington
42954,100161436143,255442,6716,0,,Merced
40751,206461026116,259947,2292,0,325,Boston
40751,106461236137,259948,2292,0,325,Boston
40751,103261456145,259950,2292,0,325,Boston
40751,106561086109,259953,2205,1,326,Washington
40751,106561156116,259954,2205,1,326,Washington
88,106262517102,251481,136,0,258,Springfield
40751,100161226143,259955,2205,1,326,Washington
40751,106461236137,259956,2205,1,326,Washington
40751,106461446144,259957,2205,1,326,Washington
40751,103261456145,259958,2205,1,326,Washington
40751,100161506185,259959,2205,1,326,Washington
40751,106461516186,259960,2205,1,326,Washington
42954,306561027102,255445,6679,0,,San Francisco
40751,100162487102,259972,2250,0,327,Boston
40751,106462497102,259973,2250,0,327,Boston
42954,306561027102,255448,6673,0,,San Francisco
42954,306561027102,255451,6677,0,,San Francisco
88,206261026106,251464,137,1,260,Washington
88,100261076107,251465,137,1,260,Washington
88,106261106142,251466,137,1,260,Washington
88,106261466183,251468,137,1,260,Washington
88,106261876247,251470,137,1,260,Washington
88,206261026142,251475,136,0,258,Springfield
88,106261466183,251477,136,0,258,Springfield
88,106261876247,251479,136,0,258,Springfield
42954,103261456145,255446,6679,0,,San Francisco
42954,103262506250,255447,6679,0,,San Francisco
42954,103261456145,255449,6673,0,,San Francisco
42954,103262506250,255450,6673,0,,San Francisco
42954,103261456145,255452,6677,0,,San Francisco
41080,306561027102,249716,4143,1,,Richmond
40751,100161086122,259966,2250,0,327,Boston
42954,103262506250,255453,6677,0,,San Francisco
40751,106461096116,259967,2250,0,327,Boston
40751,106461236123,259968,2250,0,327,Boston
40751,100161296241,259969,2250,0,327,Boston
40751,106461306242,259970,2250,0,327,Boston
40751,103261456145,259971,2250,0,327,Boston
42985,306261027102,226230,9449,1,,Washington
42954,306561027102,255454,6683,0,,San Francisco
42954,306561027102,255457,6691,0,,San Francisco
42954,306561027102,255460,6653,0,,San Francisco
42954,306561027102,255463,6695,0,,San Francisco
42954,306561027102,255466,6687,0,,San Francisco
42954,306561027102,255469,6697,0,,San Francisco
42954,306561027102,255472,6699,0,,San Francisco
42954,306561027102,255475,6693,0,,San Francisco
42954,312761027102,223286,3802,1,,Sacramento
88,206261026106,251484,141,1,259,Washington
88,100261076107,251485,141,1,259,Washington
88,106261106142,251486,141,1,259,Washington
88,106261466183,251488,141,1,259,Washington
88,106261876247,251490,141,1,259,Washington
88,106461096109,251504,139,1,260,Washington
88,106461166137,251505,139,1,260,Washington
88,103261456145,251507,139,1,260,Washington
88,106461516186,251508,139,1,260,Washington
88,106461936242,251509,139,1,260,Washington
88,103262506250,251511,139,1,260,Washington
42954,103261456145,255455,6683,0,,San Francisco
42954,103262506250,255456,6683,0,,San Francisco
42954,103261456145,255458,6691,0,,San Francisco
42954,103262506250,255459,6691,0,,San Francisco
42954,103261456145,255461,6653,0,,San Francisco
42954,103262506250,255462,6653,0,,San Francisco
42954,103261456145,255464,6695,0,,San Francisco
42954,103262506250,255465,6695,0,,San Francisco
42954,103261456145,255467,6687,0,,San Francisco
42954,103262506250,255468,6687,0,,San Francisco
42954,103261456145,255470,6697,0,,San Francisco
42954,103262506250,255471,6697,0,,San Francisco
42954,103261456145,255473,6699,0,,San Francisco
42954,103262506250,255474,6699,0,,San Francisco
42954,103261456145,255476,6693,0,,San Francisco
42954,103262506250,255477,6693,0,,San Francisco
42985,306261027102,226262,9517,1,,Washington
42985,306261027102,226268,9641,0,,Washington
88,106262517102,251492,141,1,259,Washington
88,106462567102,251512,139,1,260,Washington
88,106462567102,251524,145,1,340,Roanoke
42954,106262517102,255482,6631,0,,San Francisco
42954,106262517102,255487,6625,0,,San Francisco
42954,106262517102,255492,6651,0,,San Francisco
42954,106262517102,255497,6639,0,,San Francisco
42954,106262517102,255502,6623,0,,San Francisco
42954,106262517102,255512,6649,0,,San Francisco
42954,106262517102,255517,6647,0,,San Francisco
42954,106262517102,255522,6641,0,,San Francisco
42954,312761027102,223292,3712,1,,Stockton
42954,106262517102,255527,6645,0,,San Francisco
42954,106262517102,255532,6621,0,,San Francisco
42954,106262517102,255537,6629,0,,San Francisco
42954,106262517102,255542,6643,0,,San Francisco
42954,106262517102,255547,6637,0,,San Francisco
42954,312761027102,223305,3812,1,,Stockton
42954,312761027102,223309,3814,1,,Stockton
88,106461096109,251516,145,1,340,Roanoke
88,106461166137,251517,145,1,340,Roanoke
88,103261456145,251519,145,1,340,Roanoke
88,106461516186,251520,145,1,340,Roanoke
88,106461936242,251521,145,1,340,Roanoke
88,103262506250,251523,145,1,340,Roanoke
42954,206261026142,255478,6631,0,,San Francisco
42954,106261466247,255480,6631,0,,San Francisco
42954,206261026142,255483,6625,0,,San Francisco
42954,106261466247,255485,6625,0,,San Francisco
42954,206261026142,255488,6651,0,,San Francisco
42954,106261466247,255490,6651,0,,San Francisco
42954,206261026142,255493,6639,0,,San Francisco
42954,106261466247,255495,6639,0,,San Francisco
42954,206261026142,255498,6623,0,,San Francisco
42954,106261466247,255500,6623,0,,San Francisco
88,106462567102,251536,157,1,259,Washington
40751,106462497102,259998,2222,0,328,New York
42954,206261026142,255508,6649,0,,San Francisco
42954,106261466247,255510,6649,0,,San Francisco
42954,206261026142,255513,6647,0,,San Francisco
42954,106261466247,255515,6647,0,,San Francisco
42954,206261026142,255518,6641,0,,San Francisco
42954,106261466247,255520,6641,0,,San Francisco
42954,206261026142,255523,6645,0,,San Francisco
42954,106261466247,255525,6645,0,,San Francisco
42954,312761027102,223312,3816,1,,Stockton
42954,206261026142,255528,6621,0,,San Francisco
42954,106261466247,255530,6621,0,,San Francisco
42954,206261026142,255533,6629,0,,San Francisco
42954,106261466247,255535,6629,0,,San Francisco
42954,206261026142,255538,6643,0,,San Francisco
42954,106261466247,255540,6643,0,,San Francisco
42954,206261026142,255543,6637,0,,San Francisco
88,106461096109,251528,157,1,259,Washington
88,106461166137,251529,157,1,259,Washington
88,103261456145,251531,157,1,259,Washington
42954,106261466247,255545,6637,0,,San Francisco
40751,106461096116,259992,2222,0,328,New York
40751,106461236123,259993,2222,0,328,New York
40751,106461306137,259994,2222,0,328,New York
40751,103261456145,259996,2222,0,328,New York
40751,106461516242,259997,2222,0,328,New York
88,106461516186,251532,157,1,259,Washington
88,106461936242,251533,157,1,259,Washington
88,103262506250,251535,157,1,259,Washington
41080,306561027102,249460,4195,1,,Richmond
42954,312761027102,223314,3718,1,,Stockton
42954,312761027102,223317,3716,1,,Stockton
40751,106461937102,260007,2207,1,326,Washington
42954,306561027102,255548,5006,1,,Emeryville
42954,306561027102,255551,6668,1,,Emeryville
42954,306561027102,255554,6670,1,,Emeryville
40751,106461096109,260001,2207,1,326,Washington
40751,106461166116,260002,2207,1,326,Washington
40751,106461236137,260003,2207,1,326,Washington
40751,103261456145,260005,2207,1,326,Washington
40751,106461516186,260006,2207,1,326,Washington
42954,103261456145,255549,5006,1,,Emeryville
42954,103262506250,255550,5006,1,,Emeryville
42954,103261456145,255552,6668,1,,Emeryville
42954,103262506250,255553,6668,1,,Emeryville
42954,103261456145,255555,6670,1,,Emeryville
42954,103262506250,255556,6670,1,,Emeryville
54,312761027102,218871,334,1,20,Chicago
54,312761027102,218873,331,0,19,Milwaukee
42954,306561027102,255557,6692,1,,Emeryville
54,312761027102,218879,336,1,20,Chicago
42954,306561027102,255560,6678,1,,Emeryville
42954,306561027102,255563,6682,1,,Emeryville
42954,306561027102,255566,6686,1,,Emeryville
42954,306561027102,255569,6674,1,,Emeryville
42954,306561027102,255572,6688,1,,Emeryville
42954,306561027102,255575,6684,1,,Emeryville
54,312761027102,218881,339,0,19,Milwaukee
54,306361027102,218888,330,1,20,Chicago
54,312761027102,218895,332,1,20,Chicago
54,312761027102,218898,337,0,19,Milwaukee
42954,103261456145,255558,6692,1,,Emeryville
42954,103262506250,255559,6692,1,,Emeryville
42954,103261456145,255561,6678,1,,Emeryville
42954,103262506250,255562,6678,1,,Emeryville
42954,103261456145,255564,6682,1,,Emeryville
42954,103262506250,255565,6682,1,,Emeryville
42954,103261456145,255567,6686,1,,Emeryville
42954,103262506250,255568,6686,1,,Emeryville
42954,103261456145,255570,6674,1,,Emeryville
42954,103262506250,255571,6674,1,,Emeryville
42954,103261456145,255573,6688,1,,Emeryville
42954,103262506250,255574,6688,1,,Emeryville
42954,103261456145,255576,6684,1,,Emeryville
42954,103262506250,255577,6684,1,,Emeryville
40751,106461937102,260034,2275,1,324,Washington
40751,106461937102,260042,2257,1,324,Washington
40751,106461096109,260028,2275,1,324,Washington
40751,106461166116,260029,2275,1,324,Washington
40751,106461236137,260030,2275,1,324,Washington
40751,103261456145,260032,2275,1,324,Washington
40751,106461516186,260033,2275,1,324,Washington
40751,106461096109,260036,2257,1,324,Washington
40751,106461166116,260037,2257,1,324,Washington
40751,106461236137,260038,2257,1,324,Washington
40751,103261456145,260040,2257,1,324,Washington
40751,106461516186,260041,2257,1,324,Washington
88,106262517102,251628,171,1,344,Roanoke
42954,106262517102,255582,6628,1,,Emeryville
42954,106262517102,255587,6624,1,,Emeryville
42954,306561027102,255588,6696,1,,Emeryville
42954,106262517102,255595,6636,1,,Emeryville
42954,106262517102,255600,6640,1,,Emeryville
42954,106262517102,255605,6634,1,,Emeryville
42954,306561027102,255606,6698,1,,Emeryville
42954,106262517102,255613,6630,1,,Emeryville
42954,106262517102,255618,6642,1,,Emeryville
42954,106262517102,255623,6626,1,,Emeryville
42954,106262517102,255628,6638,1,,Emeryville
42954,106262517102,255633,6632,1,,Emeryville
40751,106461517102,260048,2295,1,,New York
88,206261026106,251621,171,1,344,Roanoke
88,106261076142,251622,171,1,344,Roanoke
88,106261466183,251624,171,1,344,Roanoke
88,106261876247,251626,171,1,344,Roanoke
40751,206461026116,260044,2295,1,,New York
40751,106461236137,260045,2295,1,,New York
40751,103261456145,260047,2295,1,,New York
88,106262517102,251647,173,1,260,Washington
42954,206261026142,255578,6628,1,,Emeryville
42954,106261466247,255580,6628,1,,Emeryville
42954,206261026142,255583,6624,1,,Emeryville
42954,106261466247,255585,6624,1,,Emeryville
42954,103261456145,255589,6696,1,,Emeryville
42954,103262506250,255590,6696,1,,Emeryville
42954,206261026142,255591,6636,1,,Emeryville
42954,106261466247,255593,6636,1,,Emeryville
42954,206261026142,255596,6640,1,,Emeryville
88,206261026106,251639,173,1,260,Washington
88,100261076107,251640,173,1,260,Washington
88,106261106142,251641,173,1,260,Washington
88,106261466183,251643,173,1,260,Washington
88,106261876247,251645,173,1,260,Washington
42954,106261466247,255598,6640,1,,Emeryville
42954,206261026142,255601,6634,1,,Emeryville
42954,106261466247,255603,6634,1,,Emeryville
42954,103261456145,255607,6698,1,,Emeryville
78,112761387102,260052,595,0,102,Los Angeles
42954,103262506250,255608,6698,1,,Emeryville
42954,206261026142,255609,6630,1,,Emeryville
42954,106261466247,255611,6630,1,,Emeryville
42954,206261026142,255614,6642,1,,Emeryville
42954,106261466247,255616,6642,1,,Emeryville
42954,206261026142,255619,6626,1,,Emeryville
78,212761026134,260049,595,0,102,Los Angeles
42954,106261466247,255621,6626,1,,Emeryville
42954,206261026142,255624,6638,1,,Emeryville
42954,106261466247,255626,6638,1,,Emeryville
42954,206261026142,255629,6632,1,,Emeryville
42954,106261466247,255631,6632,1,,Emeryville
42954,106262517102,255638,6648,1,,Emeryville
42954,106262517102,255643,6644,1,,Emeryville
42954,106262517102,255648,6650,1,,Emeryville
42954,206261026142,255634,6648,1,,Emeryville
42954,106261466247,255636,6648,1,,Emeryville
42954,206261026142,255639,6644,1,,Emeryville
42954,106261466247,255641,6644,1,,Emeryville
42954,206261026142,255644,6650,1,,Emeryville
42954,106261466247,255646,6650,1,,Emeryville
80,306561027102,223340,350,1,52,Pontiac
80,306261027102,223342,350,1,52,Pontiac
42985,306261027102,226324,9550,0,,Perryville
42985,306261027102,226330,9440,0,,Baltimore
42985,306261027102,226392,9414,0,,Baltimore
42985,306261027102,226433,9587,1,,Baltimore
78,112761387102,260074,794,1,146,San Diego
78,200161026108,260068,794,1,146,San Diego
78,209461026107,260069,794,1,146,San Diego
78,112761096123,260071,794,1,146,San Diego
78,112761246134,260072,794,1,146,San Diego
78,106761356137,260073,794,1,147,Los Angeles
88,106262517102,251709,181,1,267,Washington
40751,106462497102,260092,2274,0,327,Boston
40751,106461096116,260086,2274,0,327,Boston
40751,106461236123,260087,2274,0,327,Boston
40751,106461306137,260088,2274,0,327,Boston
40751,103261456145,260090,2274,0,327,Boston
40751,106461516242,260091,2274,0,327,Boston
88,206261026106,251701,181,1,267,Washington
88,100261076107,251702,181,1,267,Washington
88,106261106142,251703,181,1,267,Washington
88,106261466183,251705,181,1,267,Washington
88,106261876247,251707,181,1,267,Washington
42954,312761027102,226448,5801,0,,Bakersfield
42951,312761027102,218961,302,0,254,Chicago
36926,312761027102,218964,319,1,376,Kansas City
42985,306261027102,233898,9404,0,,Baltimore
42985,306261027102,233918,9505,1,,Washington
42985,306261027102,233928,9536,0,,Perryville
42985,306261027102,233953,9610,0,,Martin Airport
42985,306261027102,233958,9408,0,,Baltimore
42985,306261027102,233973,9415,1,,Washington
42985,306261027102,233983,9433,1,,Washington
42985,306261027102,233988,9412,0,,Baltimore
42985,306261027102,233993,9400,0,,Baltimore
42985,306261027102,233998,9429,1,,Washington
42985,306261027102,234003,9401,1,,Washington
42985,306261027102,234008,9445,1,,Washington
78,112761387102,260136,584,1,101,San Diego
78,112761387102,260141,573,0,102,Los Angeles
94,106262517102,260157,607,0,23,Harrisburg
88,206261026142,251813,190,0,356,Boston
88,106261466183,251815,190,0,356,Boston
88,106261876247,251817,190,0,356,Boston
94,206261026107,260150,607,0,23,Harrisburg
94,106261106142,260151,607,0,23,Harrisburg
94,106261466183,260153,607,0,23,Harrisburg
94,106261876247,260155,607,0,23,Harrisburg
42954,106262517102,260162,6635,0,,San Francisco
42954,206261026142,260158,6635,0,,San Francisco
42985,306261027102,249921,9407,1,,Washington
42985,306261027102,249923,9511,1,,Washington
42985,306261027102,249925,9613,1,,Baltimore
42954,312761027102,223413,6014,0,,San Francisco
42954,106261466247,260160,6635,0,,San Francisco
88,106561927102,260170,195,1,260,Washington
88,106561086109,260164,195,1,260,Washington
88,106561156116,260165,195,1,260,Washington
88,106561226123,260166,195,1,260,Washington
88,106561296186,260167,195,1,260,Washington
88,103261456145,260168,195,1,260,Washington
88,100261846184,260169,195,1,260,Washington
88,103262506250,260171,195,1,260,Washington
40751,100161927102,260183,2271,1,324,Washington
78,212761026135,260134,584,1,101,San Diego
78,212761026135,260139,573,0,102,Los Angeles
42985,306261027102,234013,9446,0,,Baltimore
88,106262517102,251799,193,1,267,Washington
88,106262517102,251819,190,0,356,Boston
88,206261026106,251791,193,1,267,Washington
88,100261076107,251792,193,1,267,Washington
88,106261106142,251793,193,1,267,Washington
88,106261466183,251795,193,1,267,Washington
88,106261876247,251797,193,1,267,Washington
60,312761027102,238240,500,0,290,Seattle
88,206561026116,260226,150,0,356,Boston
88,106561226123,260227,150,0,356,Boston
88,103261456145,260229,150,0,356,Boston
88,100261846184,260230,150,0,356,Boston
88,103262506250,260231,150,0,356,Boston
40751,206461026116,260233,2290,0,325,Boston
40751,106461236123,260234,2290,0,325,Boston
40751,106461306137,260235,2290,0,325,Boston
40751,103261456145,260237,2290,0,325,Boston
88,106561297102,260242,160,0,264,Boston
88,106561086116,260240,160,0,264,Boston
88,106561226123,260241,160,0,264,Boston
88,103261456145,260243,160,0,264,Boston
88,100261846184,260244,160,0,264,Boston
88,103262506250,260245,160,0,264,Boston
41080,312761027102,223460,3766,1,,Chico
40751,106561086116,260248,2252,0,327,Boston
40751,106561226123,260249,2252,0,327,Boston
40751,106561296137,260250,2252,0,327,Boston
40751,106561436242,260251,2252,0,327,Boston
40751,103261456145,260252,2252,0,327,Boston
88,106461096116,260256,154,0,264,Boston
88,106461236123,260257,154,0,264,Boston
88,106461306137,260258,154,0,264,Boston
88,103261456145,260260,154,0,264,Boston
88,106461516242,260261,154,0,264,Boston
88,103262506250,260263,154,0,264,Boston
88,106561086109,260266,162,0,264,Boston
88,106561156116,260267,162,0,264,Boston
88,106561226123,260268,162,0,264,Boston
88,106561296242,260269,162,0,264,Boston
88,103261456145,260270,162,0,264,Boston
88,100261846184,260271,162,0,264,Boston
88,103262506250,260273,162,0,264,Boston
40751,106461096116,260276,2256,0,327,Boston
40751,106461236123,260277,2256,0,327,Boston
40751,106461306137,260278,2256,0,327,Boston
40751,103261456145,260280,2256,0,327,Boston
40751,106461516242,260281,2256,0,327,Boston
40751,106562487102,260253,2252,0,327,Boston
88,106462567102,260264,154,0,264,Boston
88,106562487102,260272,162,0,264,Boston
40751,106462497102,260282,2256,0,327,Boston
41042,100161297102,260285,463,1,318,New Haven
41042,106462567102,260297,465,1,318,New Haven
90,106561927102,260305,57,1,190,Washington
88,100162487102,260314,82,0,264,Boston
42954,312761027102,223464,3916,1,,Stockton
41042,200161026115,260283,463,1,318,New Haven
41042,100161226122,260284,463,1,318,New Haven
41042,106461446144,260286,463,1,318,New Haven
41042,100261846184,260287,463,1,318,New Haven
41042,106462496249,260288,463,1,318,New Haven
41042,206461026116,260289,465,1,318,New Haven
41042,106461236123,260290,465,1,318,New Haven
41042,106461306137,260291,465,1,318,New Haven
41042,103261456145,260293,465,1,318,New Haven
41042,106461516242,260294,465,1,318,New Haven
41042,103262506250,260296,465,1,318,New Haven
90,106561086109,260299,57,1,190,Washington
90,106561156116,260300,57,1,190,Washington
90,106561226123,260301,57,1,190,Washington
90,106561296186,260302,57,1,190,Washington
90,103261456145,260303,57,1,190,Washington
90,100261846184,260304,57,1,190,Washington
90,103262506250,260306,57,1,190,Washington
88,100161086115,260309,82,0,264,Boston
88,100161226122,260310,82,0,264,Boston
88,100161296241,260311,82,0,264,Boston
88,106461446144,260312,82,0,264,Boston
88,100261846184,260313,82,0,264,Boston
88,106462496249,260315,82,0,264,Boston
40751,106461937102,260184,2271,1,324,Washington
40751,100161086108,260175,2271,1,324,Washington
40751,106461096109,260176,2271,1,324,Washington
40751,100161156115,260177,2271,1,324,Washington
40751,106461166116,260178,2271,1,324,Washington
40751,106561226123,260179,2271,1,324,Washington
40751,100161296185,260180,2271,1,324,Washington
40751,106461306186,260181,2271,1,324,Washington
40751,103261456145,260182,2271,1,324,Washington
88,100161927102,260194,99,1,84,Newport News
88,106461937102,260195,99,1,84,Newport News
88,106462567102,260209,149,1,260,Washington
88,100161927102,260222,161,1,260,Washington
88,106461937102,260223,161,1,260,Washington
84,106262517102,256037,549,0,61,Oakland
84,106262517102,256044,540,1,59,Sacramento
88,106561086109,260187,99,1,84,Newport News
60,312761027102,238207,503,1,292,Eugene
88,106561156116,260188,99,1,84,Newport News
88,106561226123,260189,99,1,84,Newport News
88,100161296185,260190,99,1,84,Newport News
88,106461306186,260191,99,1,84,Newport News
88,103261456145,260192,99,1,84,Newport News
84,206261026142,256033,549,0,61,Oakland
84,106261466247,256035,549,0,61,Oakland
84,206261026142,256040,540,1,59,Sacramento
84,106261466247,256042,540,1,59,Sacramento
88,100261846184,260193,99,1,84,Newport News
88,103262506250,260196,99,1,84,Newport News
88,106461096109,260199,149,1,260,Washington
88,106461166116,260200,149,1,260,Washington
88,106461236123,260201,149,1,260,Washington
88,106461306137,260202,149,1,260,Washington
88,103261456145,260204,149,1,260,Washington
88,106461516186,260205,149,1,260,Washington
88,106461936242,260206,149,1,260,Washington
88,103262506250,260208,149,1,260,Washington
88,100161086108,260212,161,1,260,Washington
42954,112762327102,256051,4790,1,,Santa Barbara
88,106461096109,260213,161,1,260,Washington
88,100161156115,260214,161,1,260,Washington
88,106461166116,260215,161,1,260,Washington
88,100161226122,260216,161,1,260,Washington
88,106461236123,260217,161,1,260,Washington
88,100161296185,260218,161,1,260,Washington
88,106461306186,260219,161,1,260,Washington
88,103261456145,260220,161,1,260,Washington
88,100261846184,260221,161,1,260,Washington
88,103262506250,260224,161,1,260,Washington
60,312761027102,238210,507,1,292,Eugene
42954,212761026229,256049,4790,1,,Santa Barbara
42954,102462306231,256050,4790,1,,Santa Barbara
42954,112762327102,256054,4761,0,,Oakland
42954,112762327102,256057,4794,1,,San Luis Obispo
42954,112762327102,256060,4769,0,,Oakland
42954,112762327102,256070,4765,0,,Oakland
88,106561297102,260228,150,0,356,Boston
40751,106461517102,260238,2290,0,325,Boston
42954,212761026229,256052,4761,0,,Oakland
42954,102462306231,256053,4761,0,,Oakland
42954,212761026229,256055,4794,1,,San Luis Obispo
42954,102462306231,256056,4794,1,,San Luis Obispo
42954,212761026229,256058,4769,0,,Oakland
42954,102462306231,256059,4769,0,,Oakland
60,312761027102,238213,509,1,293,Portland
60,312761027102,238216,508,0,289,Seattle
60,312761027102,238219,505,1,293,Portland
42954,212761026229,256068,4765,0,,Oakland
60,312761027102,238222,506,0,290,Seattle
60,312761027102,238225,511,1,293,Portland
60,312761027102,238228,502,0,290,Seattle
60,312761027102,238231,504,0,289,Seattle
42954,102462306231,256069,4765,0,,Oakland
36948,312761027102,238271,316,1,257,St. Louis
42948,106561297102,260319,3610,1,,New London
42948,106561297102,260323,3604,1,,New London
42948,106561297102,260326,3637,0,,New Haven
41042,106561297102,260329,450,0,319,Springfield
88,106562487102,260340,140,0,258,Springfield
42948,206561026116,260317,3610,1,,New London
42948,106561226123,260318,3610,1,,New London
42948,206561026116,260321,3604,1,,New London
42948,106561226123,260322,3604,1,,New London
42948,206561026116,260324,3637,0,,New Haven
42948,106561226123,260325,3637,0,,New Haven
41042,206561026116,260327,450,0,319,Springfield
41042,106561226123,260328,450,0,319,Springfield
41042,103261456145,260330,450,0,319,Springfield
41042,100261846184,260331,450,0,319,Springfield
41042,103262506250,260332,450,0,319,Springfield
88,106561086116,260335,140,0,258,Springfield
88,106561226123,260336,140,0,258,Springfield
88,106561296242,260337,140,0,258,Springfield
88,103261456145,260338,140,0,258,Springfield
88,100261846184,260339,140,0,258,Springfield
88,103262506250,260341,140,0,258,Springfield
42954,112761197102,250081,6021,1,,Houston
42954,112761197102,250090,6022,0,,Longview
88,106262517102,256164,113,1,267,Washington
79,312761027102,247546,72,1,107,Raleigh
79,312761027102,247611,71,0,108,Charlotte
88,206261026106,256156,113,1,267,Washington
88,100261076107,256157,113,1,267,Washington
88,106261106142,256158,113,1,267,Washington
88,106261466183,256160,113,1,267,Washington
88,106261876247,256162,113,1,267,Washington
88,106262517102,256174,175,1,260,Washington
88,106262517102,256191,170,0,264,Boston
41080,312761027102,247547,4274,0,,Washington
41080,312761027102,247553,4174,0,,Washington
88,206261026106,256166,175,1,260,Washington
88,100261076107,256167,175,1,260,Washington
42954,212761026110,250079,6021,1,,Houston
42954,112761116118,250080,6021,1,,Houston
42954,212761026110,250088,6022,0,,Longview
42954,112761116118,250089,6022,0,,Marshall
88,106261106142,256168,175,1,260,Washington
88,106261466183,256170,175,1,260,Washington
88,106261876247,256172,175,1,260,Washington
88,206261026142,256185,170,0,264,Boston
88,106261466183,256187,170,0,264,Boston
88,106261876247,256189,170,0,264,Boston
42954,312761027102,247673,4770,1,,Santa Barbara
42954,312761027102,226938,5415,0,,Bakersfield
42954,312761027102,223613,3704,1,,Sacramento
40751,106261467102,256345,2113,1,326,Washington
40751,106261467102,256348,2115,1,326,Washington
40751,106261467102,256385,2103,1,326,Washington
41080,312761027102,223714,3763,0,,Redding
40751,106261176142,256343,2113,1,326,Washington
40751,106261176142,256346,2115,1,326,Washington
40751,106261176142,256383,2103,1,326,Washington
40751,106261467102,256412,2190,0,325,Boston
40751,106261467102,256423,2192,0,325,Boston
40751,106261877102,256431,2163,1,324,Washington
40751,106261467102,256463,2170,0,327,Boston
40751,106261467102,256467,2193,1,,New York
41080,312761027102,223717,3788,1,,Chico
40751,206261026114,256409,2190,0,325,Boston
40751,106261176142,256410,2190,0,325,Boston
40751,206261026142,256421,2192,0,325,Boston
40751,206261026106,256425,2163,1,324,Washington
42957,312761027102,223494,383,0,,Quincy
72,312761027102,223496,382,1,70,Chicago
79,312761027102,247498,75,0,108,Charlotte
79,312761027102,247514,77,0,108,Charlotte
42920,312761027102,238326,8903,1,,Oklahoma City
42954,312761027102,223530,6313,0,,Arcata
79,312761027102,247525,78,1,107,Raleigh
42954,312761027102,223551,6514,1,,Martinez
79,312761027102,247533,73,0,108,Charlotte
79,312761027102,247664,76,1,107,Raleigh
78,112761247102,250169,757,0,150,San Luis Obispo
40751,100261076107,256426,2163,1,324,Washington
40751,106261106114,256427,2163,1,324,Washington
40751,106261176142,256428,2163,1,324,Washington
40751,106261466184,256430,2163,1,324,Washington
43,312761027102,238576,8821,1,,Temple
43,312761027102,238581,8822,1,,Temple
43,312761027102,238587,8722,0,,Fort Cavazos
40751,106261176142,256461,2170,0,327,Boston
40751,206261026114,256464,2193,1,,New York
40751,106261176142,256465,2193,1,,New York
42954,312761027102,227122,6612,1,,Emeryville
84,306561027102,252232,720,1,59,Sacramento
84,306561027102,252238,732,1,59,Sacramento
84,306561027102,252241,733,0,230,San Jose
84,306561027102,252244,736,1,59,Sacramento
84,306561027102,252247,745,0,230,San Jose
84,306561027102,252250,747,0,230,San Jose
84,306561027102,252253,742,1,59,Sacramento
84,306561027102,252256,723,0,230,San Jose
84,306561027102,252259,727,0,230,San Jose
84,306561027102,252262,741,0,230,San Jose
84,103261456145,252233,720,1,59,Sacramento
84,103262506250,252234,720,1,59,Sacramento
84,103261456145,252239,732,1,59,Sacramento
84,103262506250,252240,732,1,59,Sacramento
84,103261456145,252242,733,0,230,San Jose
84,103262506250,252243,733,0,230,San Jose
84,103261456145,252245,736,1,59,Sacramento
84,103262506250,252246,736,1,59,Sacramento
84,103261456145,252248,745,0,230,San Jose
84,103262506250,252249,745,0,230,San Jose
84,103261456145,252251,747,0,230,San Jose
84,103262506250,252252,747,0,230,San Jose
84,103261456145,252254,742,1,59,Sacramento
84,103262506250,252255,742,1,59,Sacramento
84,103261456145,252257,723,0,230,San Jose
84,103262506250,252258,723,0,230,San Jose
84,103261456145,252260,727,0,230,San Jose
84,103262506250,252261,727,0,230,San Jose
84,103261456145,252263,741,0,230,San Jose
84,103262506250,252264,741,0,230,San Jose
84,306561027102,252265,729,0,357,San Jose
84,306561027102,252268,728,1,64,Sacramento
84,106262517102,252275,521,0,230,San Jose
84,106262517102,252280,527,0,230,San Jose
84,106262517102,252285,523,0,230,San Jose
84,106262517102,252290,525,0,61,Oakland
84,106262517102,252295,524,1,64,Sacramento
84,106262517102,252300,522,1,59,Sacramento
84,306561027102,252301,751,0,61,Oakland
84,306561027102,252310,737,0,61,Oakland
84,306561027102,252313,744,1,63,Auburn
84,306561027102,252316,743,0,61,Oakland
84,306561027102,252319,749,0,61,Oakland
84,306561027102,252322,746,1,64,Sacramento
84,306561027102,252325,748,1,64,Sacramento
84,306561027102,252328,724,1,64,Sacramento
84,106262517102,252335,526,1,59,Sacramento
84,103261456145,252266,729,0,357,San Jose
84,103262506250,252267,729,0,357,San Jose
84,103261456145,252269,728,1,64,Sacramento
84,103262506250,252270,728,1,64,Sacramento
84,206261026142,252271,521,0,230,San Jose
84,106261466247,252273,521,0,230,San Jose
84,206261026142,252276,527,0,230,San Jose
84,106261466247,252278,527,0,230,San Jose
84,206261026142,252281,523,0,230,San Jose
84,106261466247,252283,523,0,230,San Jose
84,206261026142,252286,525,0,61,Oakland
84,106261466247,252288,525,0,61,Oakland
84,206261026142,252291,524,1,64,Sacramento
84,106261466247,252293,524,1,64,Sacramento
84,206261026142,252296,522,1,59,Sacramento
84,106261466247,252298,522,1,59,Sacramento
84,103261456145,252302,751,0,61,Oakland
84,103262506250,252303,751,0,61,Oakland
84,103261456145,252311,737,0,61,Oakland
84,103262506250,252312,737,0,61,Oakland
84,103261456145,252314,744,1,63,Auburn
84,103262506250,252315,744,1,63,Auburn
84,103261456145,252317,743,0,61,Oakland
84,103262506250,252318,743,0,61,Oakland
84,103261456145,252320,749,0,61,Oakland
84,103262506250,252321,749,0,61,Oakland
84,103261456145,252323,746,1,64,Sacramento
84,103262506250,252324,746,1,64,Sacramento
84,103261456145,252326,748,1,64,Sacramento
84,103262506250,252327,748,1,64,Sacramento
84,103261456145,252329,724,1,64,Sacramento
84,103262506250,252330,724,1,64,Sacramento
84,206261026142,252331,526,1,59,Sacramento
84,106261466247,252333,526,1,59,Sacramento
84,106262517102,252345,538,1,63,Auburn
84,106262517102,252350,548,1,59,Sacramento
84,106262517102,252360,541,0,61,Oakland
84,106262517102,252365,542,1,64,Sacramento
84,106262517102,252370,544,1,64,Sacramento
84,106262517102,252375,547,0,230,San Jose
84,106262517102,252385,551,0,61,Oakland
84,106262517102,252390,539,0,230,San Jose
84,106262517102,252395,545,0,61,Oakland
84,106262517102,252405,531,0,61,Oakland
84,106262517102,252410,532,1,59,Sacramento
84,106262517102,252415,530,1,64,Sacramento
84,106262517102,252420,543,0,230,San Jose
84,106262517102,252425,528,1,64,Sacramento
84,106262517102,252430,529,0,357,San Jose
84,106262517102,252435,550,1,64,Sacramento
84,106262517102,252440,534,1,59,Sacramento
84,106262517102,252450,535,0,61,Oakland
84,206261026142,252341,538,1,63,Auburn
84,106261466247,252343,538,1,63,Auburn
84,206261026142,252346,548,1,59,Sacramento
84,106261466247,252348,548,1,59,Sacramento
84,206261026142,252356,541,0,61,Oakland
84,106261466247,252358,541,0,61,Oakland
84,206261026142,252361,542,1,64,Sacramento
84,106261466247,252363,542,1,64,Sacramento
84,206261026142,252366,544,1,64,Sacramento
84,106261466247,252368,544,1,64,Sacramento
84,206261026142,252371,547,0,230,San Jose
84,106261466247,252373,547,0,230,San Jose
84,206261026142,252381,551,0,61,Oakland
84,106261466247,252383,551,0,61,Oakland
84,206261026142,252386,539,0,230,San Jose
84,106261466247,252388,539,0,230,San Jose
84,206261026142,252391,545,0,61,Oakland
84,106261466247,252393,545,0,61,Oakland
84,206261026142,252401,531,0,61,Oakland
84,106261466247,252403,531,0,61,Oakland
84,206261026142,252406,532,1,59,Sacramento
84,106261466247,252408,532,1,59,Sacramento
84,206261026142,252411,530,1,64,Sacramento
84,106261466247,252413,530,1,64,Sacramento
84,206261026142,252416,543,0,230,San Jose
84,106261466247,252418,543,0,230,San Jose
84,206261026142,252421,528,1,64,Sacramento
84,106261466247,252423,528,1,64,Sacramento
84,206261026142,252426,529,0,357,San Jose
84,106261466247,252428,529,0,357,San Jose
84,206261026142,252431,550,1,64,Sacramento
84,106261466247,252433,550,1,64,Sacramento
84,206261026142,252436,534,1,59,Sacramento
84,106261466247,252438,534,1,59,Sacramento
84,206261026142,252446,535,0,61,Oakland
84,106261466247,252448,535,0,61,Oakland
88,106262517102,252496,185,1,267,Washington
88,106262517102,252506,110,0,388,New York
88,206261026106,252488,185,1,267,Washington
88,100261076107,252489,185,1,267,Washington
88,106261106142,252490,185,1,267,Washington
88,106261466183,252492,185,1,267,Washington
88,106261876247,252494,185,1,267,Washington
42951,312761027102,182346,307,1,256,St. Louis
88,206261026142,252500,110,0,388,New York
88,106261466183,252502,110,0,388,New York
88,106261876247,252504,110,0,388,New York
54,312761027102,182361,341,0,19,Milwaukee
54,312761027102,182362,342,1,20,Chicago
54,300261027102,182363,343,0,19,Milwaukee
56,312761027102,182412,392,0,121,Chicago
56,312761027102,182413,393,1,122,Carbondale
42954,312761027102,207656,5874,1,,Los Angeles
41042,306561027102,252531,405,1,318,New Haven
41044,306561027102,252535,400,0,317,Greenfield
41042,103261456145,252532,405,1,318,New Haven
41042,100261846184,252533,405,1,318,New Haven
41042,103262506250,252534,405,1,318,New Haven
41044,103261456145,252536,400,0,317,Greenfield
41044,100261846184,252537,400,0,317,Greenfield
41044,103262506250,252538,400,0,317,Greenfield
41044,306561027102,252551,461,1,315,New Haven
41042,306561027102,252555,460,0,319,Springfield
41044,103261456145,252552,461,1,315,New Haven
41044,100261846184,252553,461,1,315,New Haven
41044,103262506250,252554,461,1,315,New Haven
41042,103261456145,252556,460,0,319,Springfield
41042,100261846184,252557,460,0,319,Springfield
41042,103262506250,252558,460,0,319,Springfield
41042,306561027102,252562,464,0,319,Springfield
41042,103261456145,252563,464,0,319,Springfield
41042,100261846184,252564,464,0,319,Springfield
41042,103262506250,252565,464,0,319,Springfield
41044,306561027102,252573,488,0,316,Greenfield
41042,300161027102,252577,467,1,318,New Haven
88,106262517102,252790,177,1,355,Philadelphia
88,112462507102,252802,67,1,84,Newport News
88,106262517102,252812,179,1,355,Philadelphia
88,206261026138,252783,177,1,355,Philadelphia
88,103061396142,252784,177,1,355,Philadelphia
88,106261466183,252786,177,1,355,Philadelphia
88,106261876247,252788,177,1,355,Philadelphia
88,212461026137,252794,67,1,84,Newport News
88,106061386141,252795,67,1,84,Newport News
88,112461456182,252797,67,1,84,Newport News
88,106461866186,252799,67,1,84,Newport News
88,112461876246,252800,67,1,84,Newport News
88,206261026138,252805,179,1,355,Philadelphia
88,103061396142,252806,179,1,355,Philadelphia
88,106261466183,252808,179,1,355,Philadelphia
88,106261876247,252810,179,1,355,Philadelphia
42951,312761027102,239272,300,0,254,Chicago
42954,306261027102,239718,6193,1,,Virginia Beach
42954,312761027102,184033,5885,0,,Fresno
42933,312761027102,184043,6005,1,,Fraser
42933,312761027102,184044,6006,1,,Fraser
42933,312761027102,184166,6205,1,,Winter Park
42933,312761027102,184167,6206,1,,Winter Park
42954,312761027102,228161,4101,0,,San Jose
42954,312761027102,228162,4102,1,,Merced
42954,312761027102,185475,3768,1,,Stockton
36921,312761027102,240237,240,1,245,New York
41044,103261456145,252574,488,0,316,Greenfield
41044,100261846184,252575,488,0,316,Greenfield
41044,103262506250,252576,488,0,316,Greenfield
41042,106461446144,252578,467,1,318,New Haven
41042,100261846184,252579,467,1,318,New Haven
41042,106462496249,252580,467,1,318,New Haven
41044,306561027102,252581,499,1,320,Springfield
41044,103261456145,252582,499,1,320,Springfield
41044,100261846184,252583,499,1,320,Springfield
41044,103262506250,252584,499,1,320,Springfield
41042,106462567102,252635,409,1,318,New Haven
86,312761027102,239376,821,1,17,Fort Worth
86,312761027102,239379,822,0,18,Oklahoma City
41042,206461026137,252629,409,1,318,New Haven
41042,103261456145,252631,409,1,318,New Haven
41042,106461516242,252632,409,1,318,New Haven
41042,103262506250,252634,409,1,318,New Haven
41042,106262517102,252642,417,1,318,New Haven
41042,106462567102,252649,416,0,319,Springfield
41042,206261026142,252636,417,1,318,New Haven
41042,106261466183,252638,417,1,318,New Haven
41042,106261876247,252640,417,1,318,New Haven
41042,206461026137,252643,416,0,319,Springfield
41042,103261456145,252645,416,0,319,Springfield
41042,106461516242,252646,416,0,319,Springfield
41042,103262506250,252648,416,0,319,Springfield
41044,106262517102,252661,425,1,320,Springfield
41044,206261026142,252655,425,1,320,Springfield
41044,106261466183,252657,425,1,320,Springfield
41044,106261876247,252659,425,1,320,Springfield
41042,106263067102,252677,470,0,319,Springfield
41042,206261026110,252669,470,0,319,Springfield
41042,106261116142,252670,470,0,,Hartford
41042,106261466183,252672,470,0,,Hartford
41042,106261876247,252674,470,0,,Hartford
41042,106262516303,252676,470,0,,Hartford
41042,106263067102,252695,473,1,318,New Haven
41042,206261026110,252687,473,1,318,New Haven
41042,106261116142,252688,473,1,,New Haven
41042,106261466183,252690,473,1,,New Haven
41042,106261876247,252692,473,1,,New Haven
41042,106262516303,252694,473,1,,New Haven
41042,106262517102,252702,474,0,319,Springfield
41042,106262517102,252709,475,1,318,New Haven
41042,206261026142,252696,474,0,319,Springfield
41042,106261466183,252698,474,0,319,Springfield
41042,106261876247,252700,474,0,319,Springfield
41042,206261026142,252703,475,1,318,New Haven
41042,106261466183,252705,475,1,318,New Haven
41042,106261876247,252707,475,1,318,New Haven
41044,106262517102,252721,479,1,315,New Haven
41042,106263067102,252732,490,0,319,Springfield
41044,106262517102,252739,478,0,,Springfield
41044,106262517102,252751,486,0,316,Greenfield
41044,206261026142,252715,479,1,315,New Haven
41044,106261466183,252717,479,1,315,New Haven
41044,106261876247,252719,479,1,315,New Haven
41042,206261026110,252724,490,0,319,Springfield
41044,206261026142,252733,478,0,,Springfield
41044,106261466183,252735,478,0,,Springfield
41044,106261876247,252737,478,0,,Springfield
41044,206261026142,252745,486,0,316,Greenfield
41044,106261466183,252747,486,0,316,Greenfield
41044,106261876247,252749,486,0,316,Greenfield
41044,106262517102,252758,494,0,316,Greenfield
41042,106462567102,252765,497,1,318,New Haven
41044,206261026142,252752,494,0,316,Greenfield
41044,106261466183,252754,494,0,316,Greenfield
41044,106261876247,252756,494,0,316,Greenfield
41042,206461026137,252759,497,1,318,New Haven
41042,103261456145,252761,497,1,318,New Haven
41042,106461516242,252762,497,1,318,New Haven
41042,103262506250,252764,497,1,318,New Haven
